zona;secao;cargo;numero;votos
43;228;7;95;8
43;288;7;12000;1
43;228;6;2299;6
43;292;7;65123;2
43;238;6;1566;1
43;277;7;15120;2
43;230;5;95;8
43;235;6;2299;15
43;259;7;13777;56
43;270;6;1234;1
43;253;7;70123;1
43;233;6;13;4
43;233;6;22;2
43;233;6;23;1
43;233;7;12;3
43;233;7;13;11
43;233;7;15;1
43;233;7;22;3
43;233;7;23;1
43;263;6;11;2
43;263;6;12;3
43;263;6;13;6
43;263;6;22;1
43;263;6;55;1
43;263;6;65;1
43;263;7;12;1
43;263;7;13;12
43;263;7;23;1
43;233;6;6565;2
43;290;6;2277;6
43;265;6;1292;3
43;227;6;2299;5
43;252;7;22111;2
43;232;5;96;19
43;261;6;1133;1
43;260;7;23333;40
43;231;7;96;6
43;251;6;1251;1
43;260;7;65123;1
43;238;6;1251;1
43;281;3;12;1
43;263;7;12456;1
43;227;7;12333;8
43;226;6;1233;2
43;287;7;13777;33
43;261;6;4422;2
43;232;7;10123;1
43;227;6;2222;6
43;234;5;95;11
43;251;7;13555;6
43;238;7;55011;1
43;292;7;13333;3
43;292;7;23333;43
43;224;7;13333;2
43;254;6;4456;5
43;291;7;23333;13
43;231;3;12;7
43;258;6;2222;1
43;254;7;95;13
43;257;6;1333;1
43;227;7;23333;39
43;255;3;96;16
43;285;6;4488;1
43;265;6;4456;4
43;284;6;2255;2
43;230;7;65123;1
43;235;6;1233;1
43;238;6;5013;4
43;287;7;12333;24
43;248;6;1522;5
43;286;7;13777;9
43;240;7;95;16
43;285;7;22777;3
43;231;7;95;13
43;231;7;50500;1
43;237;5;131;141
43;238;6;2277;4
43;243;6;96;9
43;229;6;1533;1
43;292;6;2255;1
43;290;5;96;17
43;291;6;4488;2
43;268;6;95;15
43;291;6;1233;1
43;256;7;55100;1
43;248;7;22678;2
43;235;7;55888;2
43;253;7;23333;55
43;282;7;13456;2
43;282;7;15888;4
43;235;6;4488;2
43;232;7;50500;2
43;290;6;5588;10
43;252;7;15888;2
43;283;6;5588;14
43;279;3;12;5
43;246;7;12333;7
43;282;6;96;5
43;238;6;1111;1
43;289;6;2299;4
43;227;3;44;46
43;257;7;12333;19
43;257;7;90180;1
43;238;6;1292;2
43;230;7;23333;37
43;277;7;12000;1
43;261;6;96;2
43;292;6;2299;9
43;245;6;1292;1
43;255;6;1313;1
43;265;7;10444;1
43;265;7;44123;1
43;265;7;13555;14
43;295;7;15888;2
43;245;7;44456;1
43;255;3;13;173
43;245;5;555;3
43;227;6;1234;12
43;274;6;1222;2
43;274;6;1234;7
43;289;6;5588;30
43;270;7;95;20
43;270;7;96;4
43;254;7;13133;2
43;281;7;15;1
43;281;7;22;1
43;281;7;23;1
43;281;7;44;1
43;240;6;12;2
43;240;6;13;5
43;240;6;35;1
43;245;6;2299;19
43;277;6;13;3
43;234;7;65123;2
43;240;7;65123;1
43;238;6;4022;1
43;226;7;13555;4
43;287;6;1233;1
43;289;7;23;1
43;289;7;33;1
43;252;7;11;2
43;252;7;12;2
43;252;7;13;24
43;252;7;18;1
43;252;7;22;2
43;252;7;23;2
43;252;7;45;1
43;252;7;55;1
43;252;6;11;2
43;252;6;12;3
43;252;6;13;4
43;252;6;15;1
43;252;6;29;2
43;252;6;33;1
43;252;6;65;1
43;291;6;12;1
43;291;6;13;2
43;291;6;15;1
43;291;6;23;1
43;291;7;11;1
43;291;7;12;1
43;291;7;13;6
43;291;7;22;1
43;254;6;11;1
43;254;6;12;1
43;254;6;13;4
43;254;6;22;2
43;254;6;65;1
43;254;7;12;2
43;292;7;15888;1
43;253;7;44123;3
43;292;6;1233;1
43;274;7;44777;1
43;224;7;12333;8
43;226;6;1322;48
43;226;6;2323;1
43;245;7;22;1
43;245;6;44;1
43;245;7;12;3
43;245;7;13;10
43;245;7;45;2
43;245;7;55;1
43;289;6;11;2
43;289;6;12;1
43;289;6;13;3
43;289;6;21;1
43;289;7;12;1
43;289;7;13;6
43;281;6;95;2
43;281;5;96;16
43;255;7;13777;38
43;230;7;15222;9
43;277;7;15222;110
43;283;6;2299;15
43;243;6;2211;13
43;287;6;55;2
43;279;6;4456;8
43;263;7;13333;9
43;259;3;96;16
43;284;7;12333;27
43;237;6;2299;17
43;286;6;1232;1
43;284;6;1533;1
43;252;7;55333;1
43;237;7;55888;2
43;287;7;95;14
43;232;7;23192;1
43;243;7;96;12
43;295;7;13222;8
43;288;6;5088;3
43;254;6;1313;1
43;289;5;131;72
43;253;7;96;5
43;285;6;1326;1
43;265;6;4455;1
43;257;3;44;39
43;252;5;131;192
43;224;5;555;6
43;224;3;95;4
43;288;7;22;1
43;288;7;23;2
43;288;7;45;2
43;290;6;12;3
43;290;6;13;1
43;290;6;22;3
43;290;7;12;1
43;290;7;13;7
43;290;7;15;2
43;235;7;12;3
43;235;7;13;5
43;235;7;33;1
43;235;7;50;1
43;235;7;55;1
43;235;6;12;1
43;235;6;13;4
43;235;6;65;1
43;228;7;11;1
43;224;3;21;1
43;240;6;1234;1
43;240;6;9000;1
43;258;6;2299;3
43;282;6;1234;18
43;238;6;4000;1
43;230;6;2211;10
43;224;7;22022;2
43;231;6;1234;2
43;228;7;15333;3
43;230;6;96;5
43;233;6;5013;3
43;253;6;1533;2
43;243;7;50500;2
43;284;5;700;11
43;265;7;22222;6
43;235;7;23333;25
43;254;7;13;5
43;254;7;15;1
43;254;7;70;2
43;231;6;13;3
43;274;6;1322;96
43;230;6;1010;2
43;230;6;4456;4
43;268;3;95;7
43;228;7;10444;2
43;265;6;4406;2
43;245;6;1333;2
43;259;6;1321;1
43;257;7;22678;1
43;282;6;2299;10
43;283;6;1234;1
43;252;7;13333;16
43;252;6;4456;4
43;253;7;22022;1
43;246;7;12345;1
43;252;6;2299;23
43;284;6;5577;1
43;253;7;12000;1
43;288;6;1234;2
43;274;6;2211;3
43;253;6;2277;5
43;295;7;15123;5
43;226;5;131;128
43;252;6;2211;12
43;265;6;1520;1
43;230;6;2255;1
43;252;7;45111;1
43;253;6;95;10
43;252;6;4000;1
43;231;7;15222;16
43;270;3;95;8
43;252;7;95;19
43;289;7;13222;4
43;227;5;700;32
43;238;6;1533;1
43;265;7;15222;15
43;231;7;23192;5
43;254;6;2299;17
43;263;7;12114;1
43;256;7;12456;2
43;283;7;13777;21
43;291;6;1232;1
43;292;3;96;1
43;253;7;12333;23
43;252;6;4466;1
43;282;7;13333;2
43;257;7;22999;1
43;268;7;13111;1
43;251;7;13333;13
43;240;7;12600;1
43;231;7;70123;1
43;231;5;700;13
43;261;7;95;2
43;245;6;5533;2
43;292;7;55555;4
43;286;6;2255;3
43;257;6;1233;1
43;224;7;23190;1
43;285;7;55333;2
43;274;7;12222;1
43;260;7;13777;51
43;231;6;1123;1
43;254;6;5013;4
43;291;7;95;9
43;246;5;555;1
43;253;7;22222;9
43;256;7;12011;1
43;226;6;1213;1
43;274;7;45;1
43;274;7;70;1
43;270;7;12;1
43;270;7;13;20
43;270;7;14;1
43;270;7;15;1
43;270;7;23;2
43;270;7;43;1
43;270;7;44;1
43;270;7;55;1
43;282;6;1520;1
43;286;6;2211;9
43;263;3;12;14
43;224;6;1232;1
43;270;6;1313;1
43;291;6;5588;22
43;229;6;1234;18
43;282;7;70222;2
43;260;7;95;4
43;233;7;13555;6
43;279;6;96;1
43;258;6;12;1
43;258;6;13;7
43;258;6;44;1
43;258;6;55;1
43;258;7;12;1
43;258;7;13;13
43;258;7;23;1
43;258;7;44;2
43;258;7;45;1
43;258;7;55;2
43;288;6;11;1
43;288;6;12;1
43;288;6;13;7
43;288;6;22;1
43;288;6;33;1
43;288;6;55;1
43;288;7;13;6
43;288;7;14;1
43;277;6;95;7
43;268;7;70633;1
43;243;6;4488;14
43;277;6;1221;1
43;281;7;13;9
43;283;6;1322;57
43;226;5;700;35
43;226;7;44555;1
43;256;7;13131;1
43;252;7;44123;2
43;252;7;10444;1
43;224;5;160;1
43;224;6;5511;1
43;245;3;13;146
43;255;6;96;10
43;243;6;5517;1
43;291;6;2222;2
43;231;7;13777;18
43;274;3;12;11
43;282;7;15777;1
43;255;6;2200;1
43;231;6;1321;1
43;230;7;12333;17
43;234;7;12456;1
43;240;7;12456;1
43;288;5;96;7
43;295;6;1333;1
43;286;7;13222;9
43;230;7;13555;8
43;259;6;4488;1
43;295;7;96;4
43;286;6;1322;20
43;255;6;1010;1
43;255;6;4456;7
43;259;7;95;3
43;255;6;4441;1
43;256;6;2233;1
43;256;7;44789;1
43;277;3;13;148
43;292;7;13222;11
43;226;7;15222;23
43;283;6;4456;3
43;285;6;33;1
43;285;6;35;1
43;285;6;55;1
43;291;6;4441;1
43;258;3;96;8
43;233;6;1331;1
43;288;6;1322;73
43;263;6;5511;3
43;291;6;5013;10
43;253;7;22111;3
43;227;6;1212;1
43;238;7;22777;4
43;256;6;2210;1
43;252;7;15222;21
43;283;6;1533;1
43;288;5;700;12
43;274;6;1232;1
43;258;3;13;92
43;263;6;2222;3
43;248;6;1221;1
43;251;6;2277;7
43;265;7;15333;1
43;263;7;33193;1
43;286;7;23333;16
43;226;6;2211;20
43;253;5;700;32
43;237;7;65123;1
43;233;7;15222;8
43;270;7;11111;2
43;224;6;5588;49
43;229;6;6565;4
43;226;6;1234;19
43;240;7;15222;14
43;270;3;12;8
43;248;5;131;189
43;265;7;22111;4
43;288;6;4441;1
43;260;6;22;2
43;260;6;23;1
43;260;6;55;1
43;260;7;12;4
43;260;7;13;11
43;260;7;33;1
43;260;7;55;2
43;291;6;2277;4
43;263;7;22777;1
43;268;6;1000;1
43;235;7;44123;1
43;256;7;22111;2
43;287;6;1221;5
43;252;6;2255;5
43;245;7;15123;1
43;258;6;2233;1
43;229;6;2222;6
43;254;7;13111;1
43;237;7;70123;1
43;237;5;700;21
43;232;6;1213;9
43;292;5;700;4
43;231;6;95;13
43;232;6;1111;1
43;232;7;95;2
43;231;6;2222;1
43;232;7;43640;1
43;286;6;2299;8
43;265;6;1123;1
43;253;6;2255;3
43;252;7;65013;1
43;243;6;5013;2
43;229;6;3633;1
43;256;5;555;1
43;274;7;13222;9
43;231;7;65123;2
43;260;6;1113;1
43;237;6;12;1
43;237;6;13;5
43;237;6;14;1
43;237;6;22;1
43;237;6;50;1
43;224;7;22777;22
43;258;6;2211;5
43;287;6;1299;1
43;224;5;131;154
43;256;7;12000;2
43;234;7;13777;23
43;240;7;13777;26
43;246;6;4410;1
43;265;7;65123;2
43;252;7;15120;2
43;268;6;1213;1
43;260;7;13111;2
43;228;5;555;1
43;279;7;95;4
43;238;6;4488;3
43;248;5;96;14
43;270;7;15888;2
43;238;6;1213;8
43;283;3;44;12
43;238;6;1233;2
43;265;7;22022;1
43;257;7;10123;1
43;245;6;6565;6
43;248;6;1277;1
43;252;7;23333;49
43;235;6;2255;2
43;289;6;4410;1
43;287;7;70321;1
43;237;3;12;14
43;253;6;1522;1
43;243;7;15120;1
43;254;7;23333;56
43;235;7;70123;3
43;251;6;2299;4
43;245;7;22777;4
43;277;6;1299;1
43;285;6;1232;1
43;282;6;1277;7
43;230;6;95;8
43;232;6;4512;1
43;283;6;1123;2
43;232;3;44;15
43;257;3;12;11
43;231;7;23;1
43;231;7;44;1
43;231;7;55;1
43;256;6;11;1
43;256;6;12;1
43;256;6;13;1
43;256;6;22;1
43;256;6;55;3
43;256;7;12;1
43;256;7;13;10
43;256;7;15;1
43;256;7;22;1
43;256;7;23;3
43;256;7;44;1
43;256;7;45;1
43;285;6;11;1
43;285;6;13;4
43;240;6;4488;8
43;234;6;4488;5
43;237;7;45333;1
43;232;6;2299;12
43;288;6;1277;5
43;261;7;10444;1
43;274;6;2222;2
43;234;6;4477;1
43;243;7;22111;1
43;243;5;96;18
43;284;7;15888;2
43;227;7;55333;19
43;254;7;70001;1
43;285;6;1277;3
43;274;6;1522;1
43;291;7;55333;1
43;282;3;95;8
43;224;7;55333;49
43;265;5;555;3
43;260;7;22222;1
43;255;7;22111;3
43;231;7;55888;1
43;285;5;555;1
43;281;3;13;134
43;248;7;22111;1
43;277;7;13777;15
43;261;7;13123;1
43;279;7;22222;1
43;254;6;4422;1
43;255;6;2211;16
43;256;6;1277;11
43;263;7;44444;1
43;254;6;4490;1
43;254;6;5588;30
43;257;6;1511;1
43;233;5;555;5
43;226;3;95;2
43;290;7;13222;26
43;289;6;1221;1
43;230;7;55555;1
43;240;7;12;2
43;240;7;13;10
43;240;7;15;2
43;240;7;23;1
43;240;7;40;1
43;240;7;44;1
43;240;7;55;3
43;234;6;11;1
43;234;6;13;2
43;234;7;13;7
43;234;7;23;2
43;234;7;44;1
43;234;7;70;1
43;259;7;12;3
43;259;7;13;13
43;259;7;23;2
43;259;7;44;1
43;259;7;55;1
43;259;7;70;1
43;259;6;12;4
43;259;6;13;6
43;259;6;55;1
43;277;6;12;1
43;256;6;5511;6
43;288;7;96;4
43;248;7;22222;4
43;224;6;1234;32
43;224;6;1222;2
43;252;7;13222;12
43;243;6;1010;2
43;255;6;2277;6
43;257;7;13222;18
43;234;7;44777;1
43;253;5;95;13
43;228;7;13555;5
43;256;6;2255;1
43;237;7;95;6
43;224;6;1299;1
43;237;6;1233;1
43;228;6;2222;7
43;231;6;1533;1
43;243;3;12;14
43;246;6;1522;2
43;246;3;12;6
43;288;6;5001;1
43;257;6;4490;1
43;257;6;5588;40
43;245;6;4488;3
43;243;6;95;11
43;243;7;45000;1
43;243;6;1277;5
43;253;3;95;5
43;285;6;4422;1
43;238;7;12120;1
43;245;7;96;1
43;253;7;65013;1
43;255;6;4444;1
43;248;7;23333;4
43;237;7;13777;27
43;286;5;95;9
43;265;6;1331;1
43;245;6;4444;1
43;230;6;4490;1
43;230;6;5588;24
43;291;3;96;3
43;268;7;13222;12
43;231;7;55777;1
43;254;7;44123;1
43;252;7;12000;2
43;283;7;95;6
43;277;7;12;1
43;277;7;13;8
43;277;7;15;1
43;277;7;22;2
43;277;7;55;2
43;282;6;12;3
43;282;6;13;4
43;282;6;15;1
43;282;6;22;2
43;282;6;55;1
43;282;7;11;4
43;282;7;12;2
43;282;7;13;12
43;282;7;15;1
43;282;7;19;1
43;282;7;23;2
43;282;7;55;3
43;283;3;13;115
43;292;6;7040;1
43;229;7;15888;3
43;291;7;23192;1
43;279;6;1522;2
43;235;7;12333;20
43;234;6;5013;6
43;240;6;5013;2
43;287;3;95;7
43;256;6;1322;75
43;257;6;95;12
43;286;7;22333;1
43;291;6;4447;1
43;257;6;6565;7
43;238;6;95;9
43;259;6;1213;2
43;270;5;95;19
43;240;3;44;33
43;226;7;13;8
43;274;7;13555;3
43;291;7;15222;77
43;270;6;1213;1
43;263;6;96;10
43;238;7;15222;11
43;257;6;5555;1
43;238;6;1522;2
43;227;6;5001;1
43;263;7;13222;4
43;277;6;4477;1
43;288;7;22678;1
43;288;6;4000;2
43;257;6;1855;1
43;246;6;55;2
43;229;6;1221;1
43;252;7;10124;1
43;229;6;4455;8
43;248;7;12333;3
43;234;6;2277;4
43;288;7;13333;3
43;251;6;5013;6
43;291;7;22222;2
43;252;6;4488;1
43;253;7;43640;1
43;237;5;96;21
43;226;6;1277;2
43;252;6;1234;2
43;253;5;96;17
43;291;7;13111;1
43;253;6;4406;1
43;227;6;1122;1
43;289;3;96;3
43;268;6;5588;57
43;248;6;6565;3
43;228;6;1533;3
43;251;3;12;5
43;231;6;1326;1
43;258;7;96;1
43;261;6;2288;1
43;259;6;1292;1
43;255;6;1100;1
43;253;6;2211;16
43;281;7;12333;8
43;258;7;95;6
43;233;7;55333;4
43;260;6;5013;2
43;228;5;96;17
43;245;6;4410;1
43;230;7;95;10
43;231;6;5013;4
43;257;6;1533;3
43;287;5;96;23
43;256;6;1292;3
43;287;7;96;3
43;227;7;22022;1
43;263;6;1299;1
43;279;5;700;11
43;287;7;22222;3
43;290;7;23333;5
43;287;3;13;136
43;224;7;45456;1
43;288;6;2222;3
43;226;7;13222;16
43;260;7;15555;1
43;261;6;1213;1
43;228;7;13131;1
43;283;7;13555;2
43;237;6;1533;1
43;256;5;96;25
43;256;7;13555;12
43;285;5;131;154
43;254;7;12111;1
43;260;6;5522;1
43;260;6;95;5
43;229;7;95;11
43;284;3;13;100
43;287;6;4578;1
43;238;7;15123;1
43;254;6;95;13
43;234;7;55555;1
43;254;5;131;211
43;253;6;4422;2
43;259;5;555;1
43;227;6;1292;1
43;226;6;1222;1
43;251;5;700;29
43;227;5;555;2
43;285;7;70123;1
43;285;5;700;11
43;287;7;15888;2
43;257;7;15888;5
43;227;3;13;124
43;256;3;44;56
43;224;7;96;11
43;245;3;95;9
43;252;6;1010;2
43;284;7;33193;2
43;284;7;55555;4
43;246;6;1322;111
43;256;7;12333;18
43;281;7;95;3
43;259;5;96;24
43;258;7;22777;1
43;232;7;13222;9
43;282;6;2288;1
43;254;7;13333;16
43;274;6;1212;1
43;231;7;13555;14
43;287;7;15120;1
43;237;6;2255;7
43;240;7;13222;10
43;258;7;22333;1
43;230;7;55333;2
43;235;6;1313;1
43;234;7;95;11
43;265;6;4422;1
43;255;6;1300;1
43;288;7;50500;2
43;258;7;22322;1
43;252;7;13777;31
43;229;6;2299;7
43;270;7;45333;1
43;283;7;22111;2
43;253;7;65123;1
43;230;7;96;4
43;235;7;12456;1
43;259;7;23192;1
43;284;3;96;5
43;255;7;70123;1
43;255;5;700;27
43;270;7;13131;1
43;270;7;55888;1
43;237;7;22111;3
43;295;6;1122;1
43;281;7;15222;73
43;254;6;1522;1
43;263;6;4410;3
43;229;3;44;52
43;285;5;96;12
43;295;6;2222;4
43;277;7;13222;11
43;255;7;13333;9
43;285;6;2211;12
43;287;6;22;2
43;287;6;33;1
43;287;6;44;1
43;287;6;65;2
43;287;7;11;2
43;287;7;12;3
43;287;7;13;15
43;287;7;15;1
43;287;7;22;2
43;287;7;23;1
43;287;7;33;1
43;287;7;44;1
43;287;7;45;2
43;287;7;50;1
43;287;7;55;2
43;255;6;11;1
43;255;6;13;4
43;255;6;22;1
43;255;6;23;2
43;255;6;33;1
43;255;6;50;2
43;255;6;55;1
43;245;7;12333;19
43;235;7;22222;1
43;235;7;44190;1
43;255;6;7070;1
43;281;7;13222;3
43;281;7;13111;1
43;284;7;13333;1
43;255;7;70;1
43;248;6;12;1
43;248;6;13;2
43;248;7;13;11
43;248;7;15;1
43;248;7;70;1
43;261;6;11;1
43;261;6;12;1
43;261;6;13;5
43;261;6;18;1
43;261;6;19;1
43;261;6;55;2
43;261;7;11;2
43;261;7;12;1
43;261;7;13;14
43;261;7;22;1
43;261;7;45;1
43;261;7;55;1
43;227;7;12;2
43;227;7;13;10
43;227;7;22;1
43;234;6;4447;2
43;257;7;23192;1
43;238;7;44777;1
43;256;7;13133;1
43;238;6;5533;1
43;237;6;4488;2
43;243;6;7012;1
43;261;7;23192;1
43;252;7;33193;2
43;252;7;55555;1
43;265;6;1522;1
43;281;7;55777;1
43;279;6;6565;1
43;288;6;96;2
43;224;6;2255;1
43;282;3;44;36
43;291;3;95;2
43;232;7;70123;4
43;232;5;700;6
43;253;6;4456;5
43;237;6;4444;2
43;237;7;13222;9
43;245;7;22222;3
43;257;7;44789;1
43;261;5;555;2
43;254;7;40101;1
43;287;6;2222;5
43;243;7;12114;1
43;243;7;15222;15
43;268;7;22111;26
43;285;6;95;6
43;285;7;45000;1
43;284;3;12;14
43;251;7;13222;2
43;256;6;95;15
43;289;6;1533;2
43;235;6;1023;1
43;261;5;95;4
43;254;6;2222;6
43;292;6;2211;10
43;243;6;1155;1
43;230;6;6565;7
43;265;7;13333;12
43;253;6;5013;6
43;253;7;13222;21
43;235;5;131;123
43;232;6;1299;1
43;295;6;4000;5
43;257;7;55011;2
43;253;3;96;7
43;274;3;96;8
43;263;6;1277;9
43;228;6;95;7
43;256;7;55333;3
43;284;7;22222;2
43;227;7;10444;2
43;245;6;4000;1
43;285;6;4410;2
43;285;3;12;6
43;226;5;555;8
43;248;5;700;36
43;230;7;70123;1
43;230;5;700;22
43;284;5;131;114
43;238;6;5517;1
43;268;7;23333;31
43;227;6;1333;2
43;281;7;22777;4
43;255;6;4410;3
43;254;7;13555;19
43;254;7;22222;4
43;254;7;44190;1
43;282;7;12456;1
43;282;7;15123;1
43;256;6;96;15
43;260;6;1313;2
43;263;6;4488;2
43;231;7;12111;1
43;231;7;33200;1
43;231;6;4410;1
43;237;6;1232;2
43;255;5;95;12
43;268;6;5013;1
43;253;6;5588;46
43;243;6;5577;1
43;277;5;131;154
43;245;7;55333;1
43;237;6;5511;2
43;240;7;15888;2
43;286;6;2277;1
43;254;7;22111;4
43;263;6;4456;5
43;288;7;13777;40
43;235;6;4422;1
43;235;6;95;10
43;290;6;1111;21
43;290;7;95;4
43;256;7;22022;2
43;261;7;96;4
43;290;7;44777;1
43;251;5;96;16
43;232;6;2277;3
43;287;6;11;1
43;287;6;12;4
43;287;6;13;11
43;259;6;96;6
43;282;6;1222;2
43;256;7;45000;1
43;248;3;95;3
43;252;6;1511;1
43;270;6;5588;19
43;259;6;5588;63
43;230;7;15120;1
43;283;7;13456;1
43;283;7;15888;3
43;258;6;95;6
43;243;5;131;168
43;238;3;12;9
43;235;7;13123;1
43;291;3;44;20
43;263;6;2277;1
43;232;7;11999;2
43;228;7;12100;1
43;259;6;4422;1
43;228;6;5533;1
43;237;7;96;3
43;270;7;22222;6
43;257;6;1277;9
43;281;3;95;1
43;226;7;13444;1
43;268;7;10000;1
43;258;6;5013;3
43;265;3;12;17
43;286;7;22022;1
43;235;6;1533;1
43;238;6;1313;2
43;259;5;700;5
43;258;7;13777;58
43;286;7;22777;1
43;285;7;13555;7
43;282;6;2277;6
43;261;7;12333;1
43;268;7;65123;1
43;258;7;12333;1
43;252;6;95;16
43;287;7;22678;2
43;230;6;1292;1
43;237;7;70070;1
43;232;6;3300;1
43;263;7;19777;1
43;226;7;55333;24
43;254;7;55555;1
43;274;5;700;9
43;258;7;13111;2
43;230;7;50500;1
43;232;6;1233;3
43;231;7;13111;1
43;251;7;13456;1
43;251;7;15888;2
43;254;7;15888;1
43;234;3;96;8
43;292;7;96;5
43;256;7;12123;1
43;265;6;1322;58
43;246;6;1922;1
43;255;7;44222;1
43;288;7;10123;2
43;230;7;44123;1
43;270;7;13222;6
43;243;6;2255;2
43;243;6;1522;1
43;252;5;555;6
43;238;6;4422;1
43;284;6;4488;1
43;259;6;2288;1
43;246;6;12;1
43;246;6;13;10
43;246;6;15;1
43;246;7;11;2
43;246;7;12;1
43;246;7;13;12
43;246;7;15;2
43;246;7;22;2
43;246;7;33;1
43;246;7;45;1
43;246;7;55;1
43;229;6;13;1
43;229;6;33;1
43;229;7;12;1
43;229;7;13;12
43;229;7;45;2
43;229;7;55;2
43;286;6;13;4
43;286;6;44;1
43;286;7;13;4
43;286;7;22;2
43;286;7;23;1
43;286;7;33;1
43;286;7;45;1
43;234;7;22222;5
43;289;7;15222;4
43;286;7;96;12
43;228;3;44;49
43;263;3;13;113
43;282;6;1123;2
43;233;6;95;6
43;268;3;96;11
43;238;6;1255;1
43;279;7;12114;1
43;235;6;5013;2
43;282;7;23333;29
43;263;6;2211;5
43;261;6;2211;5
43;295;7;33193;3
43;257;3;13;190
43;234;6;2299;10
43;261;6;5555;1
43;283;6;1277;21
43;283;6;1333;1
43;252;6;1123;2
43;256;6;1123;1
43;263;7;22222;1
43;238;7;23192;1
43;245;3;12;16
43;243;7;33222;2
43;259;5;131;114
43;265;7;95;6
43;232;6;1234;2
43;237;6;4490;1
43;237;6;5588;28
43;226;7;13777;36
43;233;6;5588;27
43;268;6;2255;3
43;227;7;70321;1
43;254;5;96;14
43;282;6;4455;1
43;260;6;1277;1
43;254;6;2255;1
43;233;7;96;8
43;230;6;2277;4
43;268;6;1277;3
43;254;6;5533;2
43;224;6;96;9
43;290;5;131;164
43;224;7;13111;1
43;290;7;15222;76
43;257;7;15333;1
43;227;6;2323;1
43;254;7;12456;2
43;252;7;10123;2
43;261;7;13333;1
43;226;7;22556;1
43;234;7;23333;37
43;240;7;23333;42
43;257;3;96;13
43;261;7;45111;1
43;292;7;13456;1
43;295;6;2299;11
43;238;7;13333;17
43;291;6;1277;2
43;240;3;13;145
43;287;7;11113;1
43;287;7;22022;1
43;245;6;1322;70
43;231;6;2200;2
43;281;6;2277;8
43;258;7;22111;1
43;229;7;22556;1
43;285;7;12456;2
43;232;6;1533;1
43;235;7;15888;3
43;285;6;5511;4
43;265;3;96;14
43;263;7;23333;39
43;235;6;1213;1
43;260;6;5533;1
43;290;6;1234;2
43;228;7;96;7
43;291;6;1213;2
43;277;5;95;5
43;274;6;1112;1
43;237;7;44333;1
43;255;7;14357;1
43;261;6;4406;1
43;233;3;95;3
43;270;6;1533;1
43;226;6;5511;1
43;295;7;22222;1
43;287;6;1222;1
43;287;6;1234;1
43;232;7;22111;2
43;270;7;23333;67
43;240;6;1123;2
43;265;6;1234;4
43;227;7;13333;5
43;274;7;12333;6
43;240;6;1277;9
43;234;6;1277;10
43;252;6;1313;1
43;233;6;2211;5
43;291;3;12;2
43;261;3;96;14
43;289;5;700;8
43;284;6;1123;1
43;283;6;1422;1
43;281;6;4488;4
43;237;6;4477;1
43;295;3;44;16
43;248;7;15222;101
43;288;6;95;5
43;291;5;700;15
43;226;7;96;4
43;231;7;12333;12
43;228;7;45;2
43;228;7;12;1
43;228;7;13;9
43;228;7;15;1
43;228;6;11;1
43;228;6;12;1
43;228;6;13;7
43;228;6;22;2
43;283;6;12;2
43;252;3;13;181
43;256;6;1111;1
43;279;6;5013;1
43;224;6;1277;2
43;230;6;4488;3
43;260;6;1588;1
43;260;6;96;1
43;286;7;55;2
43;232;6;11;1
43;232;6;12;4
43;232;6;13;3
43;232;7;11;1
43;232;7;12;3
43;232;7;13;11
43;232;7;15;2
43;232;7;44;1
43;232;7;45;1
43;232;7;55;2
43;265;6;12;3
43;265;6;13;4
43;265;6;22;1
43;265;6;36;1
43;265;6;55;1
43;265;7;13;10
43;265;7;16;1
43;265;7;22;2
43;251;7;33222;1
43;265;7;23;1
43;265;7;44;1
43;265;7;45;1
43;237;6;11;1
43;243;7;22222;2
43;243;7;44190;1
43;238;6;5511;5
43;227;7;15222;19
43;274;7;95;3
43;235;6;1111;1
43;285;3;13;149
43;281;7;55333;6
43;224;6;1233;1
43;291;7;12114;1
43;292;3;95;3
43;261;7;13222;4
43;260;3;13;109
43;254;7;13777;35
43;231;6;1010;1
43;231;6;4456;3
43;283;6;4455;1
43;233;3;96;14
43;290;5;95;6
43;234;7;15222;23
43;259;7;15222;3
43;238;7;23333;51
43;245;3;44;30
43;229;7;23333;30
43;227;6;2288;1
43;253;6;5533;1
43;233;6;1322;49
43;254;6;4488;3
43;243;7;10123;1
43;228;6;1234;18
43;255;7;12114;1
43;263;7;44123;1
43;233;6;2255;5
43;263;7;13131;1
43;263;7;55888;1
43;258;7;13333;1
43;284;6;1322;48
43;229;7;15222;16
43;248;6;2299;3
43;260;3;95;1
43;290;3;96;10
43;255;5;555;4
43;256;5;95;13
43;268;6;6565;1
43;230;7;33222;1
43;245;6;5588;29
43;238;7;55555;1
43;284;7;23333;39
43;287;6;1133;1
43;229;5;700;42
43;287;7;15222;6
43;256;6;1122;1
43;229;6;5533;1
43;260;6;1222;1
43;255;6;1122;1
43;238;7;12333;14
43;265;7;13111;1
43;253;7;13133;1
43;268;6;4444;1
43;284;7;12000;1
43;252;7;65123;1
43;252;7;12333;26
43;268;6;1533;3
43;270;5;700;23
43;233;7;43640;1
43;237;6;1333;1
43;248;6;2277;9
43;257;7;43640;1
43;274;6;2277;7
43;252;6;4410;4
43;258;6;5588;62
43;246;6;5588;72
43;226;7;22777;9
43;289;6;1522;1
43;256;7;44123;1
43;234;6;4000;1
43;227;5;95;5
43;238;6;2211;15
43;253;6;4477;1
43;237;6;5013;3
43;286;7;12111;1
43;238;6;96;4
43;291;7;13456;1
43;291;7;15888;1
43;274;7;45333;3
43;232;3;96;12
43;235;6;1222;1
43;248;7;10444;2
43;253;6;2288;2
43;283;7;22333;1
43;245;5;96;17
43;288;7;11113;3
43;288;6;5588;31
43;290;6;1221;1
43;287;3;21;1
43;245;6;5013;4
43;289;6;2211;4
43;258;6;5533;1
43;237;6;1292;4
43;289;7;33193;2
43;233;7;55011;1
43;253;7;13555;16
43;292;6;4406;1
43;238;6;1321;1
43;295;7;65123;1
43;230;6;1222;1
43;230;6;1234;2
43;233;6;2277;3
43;248;7;55555;1
43;228;7;22777;9
43;235;7;22777;2
43;260;6;2255;1
43;229;5;96;17
43;279;6;1333;1
43;235;6;5588;24
43;265;6;1277;13
43;238;3;13;167
43;235;7;12000;1
43;283;7;12333;15
43;261;7;15888;2
43;284;6;2299;28
43;237;6;1277;7
43;286;7;15333;3
43;261;5;700;10
43;254;7;15120;2
43;255;6;1322;71
43;231;7;13222;7
43;286;6;1233;2
43;283;7;13123;1
43;290;6;4455;1
43;245;6;2255;6
43;274;5;131;144
43;226;7;13333;1
43;285;6;4466;1
43;281;7;15888;1
43;260;3;12;4
43;251;5;131;179
43;284;6;3000;1
43;248;7;13555;7
43;227;7;45555;1
43;270;6;11;1
43;229;7;13333;3
43;252;7;22222;5
43;289;3;12;2
43;245;6;1111;2
43;245;7;95;8
43;287;3;80;1
43;263;6;1233;1
43;285;6;5013;1
43;292;6;4567;1
43;245;7;22022;2
43;256;7;23333;53
43;245;7;22111;2
43;246;6;96;5
43;230;6;1277;8
43;290;6;5013;2
43;254;6;1221;4
43;255;6;2210;1
43;248;3;12;7
43;268;6;1232;1
43;287;6;4477;3
43;283;7;12000;1
43;257;7;55888;1
43;253;7;22777;5
43;227;7;55222;1
43;230;7;13222;12
43;282;3;12;10
43;279;7;15222;50
43;234;7;22777;3
43;240;7;22777;5
43;263;6;4490;1
43;263;6;5588;25
43;232;7;12111;1
43;268;5;131;192
43;256;7;50444;1
43;263;7;65123;1
43;287;7;22777;10
43;288;7;12333;11
43;246;7;13333;16
43;265;7;70123;1
43;251;3;44;77
43;252;7;13111;1
43;235;6;2277;3
43;232;7;13456;1
43;232;7;15888;2
43;284;6;1277;15
43;270;6;4444;5
43;261;7;55011;1
43;240;6;1331;1
43;251;5;555;4
43;261;7;13555;4
43;230;3;12;12
43;251;3;13;141
43;265;7;96;8
43;238;5;131;167
43;260;6;1322;45
43;260;7;22777;3
43;289;3;21;1
43;259;7;15888;2
43;285;7;13333;15
43;246;6;2299;4
43;246;7;33000;1
43;287;3;44;36
43;238;5;96;19
43;240;7;22222;2
43;289;7;12333;5
43;245;7;12114;1
43;228;7;13222;22
43;265;7;12333;29
43;251;6;1221;2
43;232;6;1333;3
43;232;7;50131;1
43;282;5;700;11
43;286;5;131;67
43;260;7;55123;1
43;240;5;131;156
43;231;6;1232;1
43;243;5;95;12
43;240;6;1113;1
43;291;5;96;9
43;284;6;5588;25
43;228;7;12777;1
43;270;7;12333;19
43;224;5;95;7
43;227;6;1313;1
43;246;7;15222;103
43;243;6;1292;1
43;230;6;1322;42
43;268;6;4456;28
43;245;6;1533;4
43;251;6;1577;1
43;283;6;96;2
43;265;3;44;32
43;277;7;12333;8
43;277;6;5044;1
43;259;6;1322;39
43;233;7;22111;3
43;231;6;6565;2
43;291;6;4029;1
43;265;7;12000;1
43;258;5;700;9
43;257;7;13111;1
43;270;6;4456;13
43;256;6;4488;2
43;234;6;4410;2
43;230;6;4406;1
43;257;7;95;12
43;254;6;1322;78
43;229;5;555;4
43;281;3;44;23
43;228;7;36123;1
43;230;7;10000;1
43;282;6;1522;2
43;255;7;43640;1
43;229;7;96;4
43;289;3;95;4
43;256;6;1221;2
43;270;6;1333;1
43;245;6;4406;1
43;240;6;2277;5
43;240;3;95;12
43;252;6;2222;6
43;233;6;1277;7
43;234;3;13;117
43;224;7;22333;2
43;226;6;2222;6
43;295;6;2211;5
43;288;6;1222;1
43;268;6;2211;13
43;235;6;5511;6
43;227;7;70345;1
43;257;7;65123;1
43;254;7;70762;1
43;243;7;12000;1
43;230;6;2222;4
43;260;6;1233;1
43;254;7;50321;1
43;237;6;2210;1
43;291;7;13333;9
43;261;7;22022;1
43;265;6;1323;1
43;245;6;1213;3
43;234;7;13222;10
43;295;3;96;4
43;228;6;2323;1
43;290;6;1522;1
43;248;7;96;4
43;243;7;23333;47
43;283;5;131;116
43;257;7;10000;1
43;233;7;50500;1
43;235;7;96;5
43;256;3;96;17
43;292;6;1123;1
43;230;3;95;4
43;254;7;23190;1
43;255;7;12333;25
43;228;7;44447;1
43;268;3;13;181
43;254;6;4444;1
43;256;7;95;18
43;288;6;2277;2
43;254;3;13;191
43;228;6;4444;4
43;234;6;1010;1
43;227;6;2266;1
43;274;6;4447;1
43;256;6;2299;15
43;285;6;1233;4
43;252;7;22022;1
43;270;7;15222;1
43;246;6;6565;4
43;245;5;95;9
43;224;7;13222;15
43;224;6;5577;1
43;226;7;19;1
43;226;7;22;2
43;226;7;36;1
43;226;7;44;1
43;226;7;45;1
43;245;6;11;1
43;245;6;12;1
43;245;6;13;1
43;245;6;21;1
43;245;6;22;1
43;245;6;43;1
43;228;7;12456;2
43;234;3;44;42
43;230;6;2220;1
43;224;6;2277;24
43;248;6;5013;4
43;228;6;1277;4
43;263;7;96;11
43;256;6;2266;1
43;229;6;96;4
43;227;6;4444;3
43;279;6;2299;13
43;255;7;55555;1
43;237;5;95;3
43;243;6;4444;1
43;283;6;1919;1
43;283;7;13333;5
43;263;7;12333;17
43;259;7;22777;1
43;248;5;95;4
43;233;6;1500;1
43;265;3;13;134
43;286;6;1234;9
43;233;7;12333;16
43;228;3;12;12
43;281;6;2299;2
43;237;6;96;4
43;230;6;1221;1
43;287;7;12111;1
43;259;7;13333;2
43;251;6;6565;2
43;238;6;2299;15
43;288;7;13222;3
43;253;6;2222;7
43;226;5;96;18
43;283;7;96;4
43;256;7;70070;1
43;295;5;96;13
43;231;3;96;10
43;268;5;96;23
43;232;3;12;18
43;253;7;33200;2
43;253;6;1313;1
43;290;6;4456;2
43;235;7;13133;1
43;248;6;2211;1
43;257;7;55555;1
43;246;7;95;6
43;284;7;22777;2
43;259;7;96;5
43;284;6;96;2
43;248;7;13333;16
43;253;7;55011;1
43;289;7;23333;29
43;263;5;95;6
43;283;7;15222;7
43;282;7;95;5
43;288;7;13456;1
43;288;7;15888;6
43;290;3;13;136
43;282;6;4488;3
43;243;7;95;13
43;261;6;1333;4
43;283;6;1233;2
43;265;7;15888;5
43;268;6;2233;1
43;251;6;1522;1
43;279;7;13333;9
43;248;6;1588;1
43;248;6;96;4
43;268;3;44;32
43;231;6;5511;6
43;226;6;2299;4
43;246;6;4456;1
43;286;3;44;17
43;255;7;96;6
43;283;3;95;3
43;224;3;12;11
43;261;6;1233;1
43;233;6;96;6
43;253;7;13333;10
43;240;6;1322;57
43;238;6;2222;4
43;270;5;131;141
43;228;7;13777;22
43;257;6;1010;2
43;257;6;4456;2
43;282;6;2211;15
43;252;7;12555;2
43;224;7;95;4
43;255;3;95;6
43;256;7;44111;1
43;256;7;15888;3
43;252;3;44;50
43;232;6;1232;1
43;295;6;1533;3
43;245;7;13333;16
43;279;7;15888;1
43;243;7;12333;16
43;224;7;15333;5
43;261;5;96;19
43;237;6;1222;1
43;237;6;1234;2
43;292;7;95;4
43;257;6;2255;2
43;286;6;4488;4
43;229;6;2244;1
43;282;5;96;26
43;263;7;22111;3
43;257;6;2222;9
43;270;6;2299;13
43;285;7;22222;1
43;289;6;96;4
43;261;6;1292;1
43;232;6;1522;1
43;259;6;95;3
43;231;3;44;30
43;295;7;12777;1
43;243;7;12456;1
43;277;7;23333;1
43;257;6;1520;1
43;252;3;95;10
43;255;6;1277;15
43;251;6;1213;1
43;243;7;13333;9
43;263;6;1133;1
43;282;7;22333;1
43;292;7;50500;1
43;238;6;4410;1
43;232;6;4410;3
43;233;7;23333;41
43;257;7;22111;1
43;240;3;96;6
43;287;6;4422;1
43;229;7;10444;2
43;282;7;13222;16
43;252;6;6565;3
43;268;7;12333;21
43;233;6;1221;2
43;224;6;2222;10
43;227;5;131;127
43;289;6;95;2
43;229;6;1322;39
43;245;6;4477;1
43;292;3;13;130
43;231;7;12000;1
43;285;6;2299;10
43;245;6;95;8
43;253;3;12;13
43;257;7;12000;3
43;256;6;4406;1
43;265;6;1577;1
43;270;7;13333;3
43;288;7;55333;1
43;226;7;95;4
43;234;7;12333;12
43;256;6;1511;1
43;233;3;44;28
43;229;7;12333;10
43;246;3;13;162
43;252;6;96;8
43;265;7;12345;2
43;265;7;65013;1
43;252;7;15777;1
43;246;7;13555;4
43;231;7;22022;1
43;243;6;1321;1
43;227;6;4490;1
43;227;6;5588;33
43;230;7;13777;26
43;240;6;1233;1
43;258;7;23333;33
43;231;7;22777;4
43;234;6;1000;1
43;281;6;5577;1
43;233;5;700;18
43;233;7;70123;2
43;259;7;13123;1
43;285;6;1213;7
43;230;7;12000;3
43;230;7;12100;1
43;235;6;5533;1
43;229;6;4488;6
43;227;6;6565;4
43;259;7;12333;7
43;234;6;2266;1
43;259;5;95;3
43;226;6;12;2
43;226;6;13;2
43;226;6;21;1
43;226;6;22;1
43;226;6;23;1
43;226;6;55;1
43;284;6;1522;1
43;256;6;1222;1
43;256;6;1234;3
43;229;6;2233;1
43;232;6;5588;26
43;270;7;22556;1
43;238;7;12100;1
43;254;6;1123;1
43;227;7;96;6
43;233;7;13777;21
43;240;6;4410;3
43;246;7;13777;64
43;286;6;96;10
43;256;7;13777;22
43;260;6;5588;59
43;248;6;95;3
43;238;5;700;13
43;260;6;2299;1
43;228;6;2277;7
43;234;6;4422;1
43;284;7;11333;1
43;243;6;1234;3
43;260;3;96;2
43;254;7;22777;4
43;240;6;2222;2
43;288;5;555;2
43;237;7;22022;3
43;234;6;1322;55
43;233;7;65123;3
43;282;7;22777;3
43;292;6;4488;2
43;240;6;1221;1
43;233;6;1333;1
43;234;6;2222;3
43;282;6;1233;1
43;224;6;2299;4
43;232;6;95;1
43;257;7;23333;55
43;281;6;2288;2
43;265;6;4488;9
43;230;7;22777;4
43;233;5;95;7
43;233;7;95;11
43;235;6;1322;41
43;283;5;700;4
43;263;5;96;24
43;256;7;96;14
43;255;6;2299;22
43;268;6;4488;1
43;263;6;1313;1
43;257;6;2277;5
43;256;7;22222;4
43;279;6;95;5
43;237;6;1322;56
43;295;6;5588;15
43;245;7;44123;1
43;290;6;1322;81
43;227;6;2211;19
43;234;6;96;5
43;240;6;96;3
43;245;7;13777;28
43;232;7;13123;1
43;285;7;13222;12
43;285;6;96;1
43;274;5;96;16
43;248;6;5511;1
43;252;7;50444;1
43;285;7;95;6
43;253;6;1232;1
43;230;7;10123;2
43;257;7;55333;2
43;237;3;95;5
43;274;6;1123;1
43;291;3;13;144
43;288;6;1313;1
43;224;6;44;1
43;224;7;13;13
43;224;7;22;1
43;224;7;23;1
43;224;7;45;3
43;224;7;70;3
43;253;6;11;1
43;253;6;12;3
43;253;6;13;4
43;253;6;15;1
43;253;6;22;1
43;253;6;50;1
43;253;7;11;1
43;253;7;12;1
43;253;7;13;8
43;253;7;16;1
43;253;7;22;2
43;253;7;50;1
43;261;6;5511;1
43;256;6;2200;1
43;226;7;15777;1
43;232;6;1322;49
43;287;6;1212;1
43;235;7;15222;16
43;231;6;1233;2
43;227;6;1277;2
43;261;7;44144;1
43;240;6;5005;1
43;287;6;4444;1
43;263;7;13777;23
43;233;6;1133;1
43;260;6;4013;1
43;285;6;1522;1
43;232;6;1292;1
43;231;6;5555;1
43;283;6;2255;2
43;265;6;96;5
43;238;7;55333;1
43;263;7;12000;4
43;248;3;96;8
43;228;7;70345;1
43;287;6;4456;2
43;235;6;4410;1
43;282;3;96;12
43;265;6;1213;7
43;260;6;2222;2
43;292;6;96;4
43;283;7;65123;1
43;238;6;5588;19
43;251;6;1222;1
43;238;6;4555;1
43;283;3;96;15
43;233;7;10123;1
43;263;6;1522;3
43;253;7;15222;25
43;295;7;13777;9
43;268;6;1322;53
43;230;7;15888;3
43;277;7;96;1
43;291;7;13777;20
43;282;6;1313;1
43;277;6;2299;13
43;261;3;13;88
43;228;7;22222;3
43;283;6;95;3
43;263;7;65;1
43;263;7;44;1
43;263;7;45;1
43;263;7;55;3
43;292;7;11;1
43;292;7;13;10
43;292;7;23;1
43;292;7;33;1
43;292;7;55;1
43;292;6;13;3
43;292;6;21;1
43;292;6;55;3
43;252;6;7040;1
43;253;6;1221;4
43;246;5;95;10
43;240;7;22022;1
43;256;6;4441;1
43;277;6;5511;2
43;253;7;55888;3
43;251;6;2222;3
43;268;7;70123;1
43;268;5;700;14
43;259;7;23333;35
43;291;6;2211;4
43;246;5;700;27
43;284;7;15222;5
43;243;3;95;6
43;292;7;15222;9
43;230;3;44;36
43;270;7;22111;3
43;295;7;13333;5
43;253;6;4029;1
43;295;6;1322;32
43;253;7;33222;1
43;256;6;5013;5
43;237;5;555;3
43;232;7;15222;10
43;254;6;4406;1
43;268;7;15888;6
43;251;6;2211;2
43;235;6;6565;4
43;234;6;4029;1
43;255;7;15222;14
43;230;7;22111;2
43;252;6;1292;2
43;288;6;1533;5
43;224;5;96;28
43;274;7;12000;1
43;285;6;2277;3
43;254;6;5511;10
43;230;7;22222;3
43;255;7;55888;2
43;256;7;10123;1
43;233;6;4410;1
43;238;6;1322;62
43;255;6;5511;5
43;226;6;4444;2
43;279;6;4406;1
43;287;6;1333;1
43;234;6;5511;2
43;240;6;5511;2
43;260;5;96;8
43;257;6;1213;13
43;251;3;96;6
43;235;7;14357;2
43;265;7;23192;3
43;261;6;95;3
43;235;6;1277;11
43;228;5;95;4
43;283;7;33193;2
43;283;7;55555;3
43;260;5;95;2
43;287;7;13555;24
43;268;7;43333;1
43;238;7;13555;5
43;229;3;12;15
43;237;7;33193;1
43;283;6;2211;5
43;255;6;5533;1
43;258;7;13555;4
43;256;6;6565;4
43;265;6;4447;2
43;229;7;55333;34
43;227;7;13777;26
43;227;6;5511;1
43;257;7;22022;2
43;232;6;5044;1
43;232;7;12333;13
43;233;7;15888;1
43;286;5;96;21
43;284;5;96;15
43;284;6;2277;3
43;228;7;50500;1
43;254;6;1010;1
43;268;7;15222;12
43;227;3;96;12
43;279;6;5588;71
43;256;7;65013;1
43;233;7;12000;2
43;288;7;23333;64
43;235;7;13222;11
43;284;6;1233;1
43;281;7;23333;16
43;251;6;1277;1
43;237;7;50500;1
43;230;6;4422;1
43;263;6;4000;1
43;257;7;12555;1
43;248;6;1520;1
43;232;7;55888;1
43;252;6;1333;2
43;292;6;95;2
43;260;6;6565;1
43;255;6;1213;19
43;260;6;2211;6
43;258;6;1277;1
43;282;7;13123;1
43;235;3;12;11
43;231;6;4029;3
43;251;7;23333;4
43;248;7;22777;7
43;287;3;12;5
43;252;6;5013;10
43;257;7;96;7
43;259;7;15555;1
43;290;6;4477;1
43;256;7;55555;3
43;285;6;1333;1
43;235;7;95;10
43;240;7;44557;1
43;240;6;1232;1
43;281;6;1222;3
43;281;6;1234;4
43;248;7;13222;1
43;287;6;1533;1
43;289;6;1277;5
43;287;7;23333;19
43;256;7;70123;1
43;256;5;700;34
43;295;6;2277;2
43;265;5;95;7
43;295;7;13555;2
43;254;6;4477;1
43;227;7;15888;1
43;277;7;50013;1
43;285;6;2222;3
43;254;6;6565;7
43;240;6;1333;3
43;270;7;13777;18
43;263;5;555;3
43;238;7;10124;1
43;246;7;15888;4
43;224;6;1533;7
43;268;7;95;13
43;246;6;1299;5
43;295;7;95;1
43;274;7;33000;1
43;290;7;13777;10
43;240;6;1321;1
43;256;6;1333;2
43;265;6;1214;1
43;281;5;131;131
43;265;6;1233;1
43;248;6;1533;1
43;232;3;95;2
43;235;5;96;10
43;255;6;1222;1
43;255;6;1234;1
43;279;7;12333;10
43;238;7;12000;1
43;279;5;131;142
43;285;7;22333;1
43;224;7;11333;1
43;255;7;15120;2
43;231;7;55011;1
43;284;7;13777;30
43;233;6;1299;1
43;235;7;15120;2
43;226;3;12;9
43;256;7;33193;2
43;233;6;2222;5
43;281;6;2211;3
43;263;3;44;27
43;252;6;2210;1
43;226;6;4456;1
43;292;5;96;6
43;290;3;44;27
43;268;6;2299;23
43;238;7;22222;5
43;282;7;12333;12
43;287;6;1520;2
43;260;7;96;2
43;245;6;96;6
43;263;3;96;17
43;282;6;7070;1
43;228;6;1245;1
43;285;7;96;5
43;233;7;22222;4
43;233;6;1292;1
43;281;7;13333;1
43;230;6;1011;1
43;228;7;23190;1
43;290;6;4488;5
43;284;5;555;5
43;234;6;1292;1
43;252;6;1322;71
43;237;6;2277;2
43;234;5;96;9
43;246;7;96;8
43;224;7;22222;6
43;263;7;11444;1
43;226;3;13;128
43;252;6;2277;8
43;226;6;4488;5
43;243;6;6565;3
43;279;3;95;6
43;253;6;1311;1
43;235;6;4455;1
43;270;6;2255;1
43;233;6;1233;1
43;235;7;13555;3
43;287;5;131;142
43;238;7;50500;1
43;224;6;5533;2
43;263;6;95;8
43;277;5;555;1
43;295;5;555;4
43;237;7;44190;1
43;277;3;44;25
43;255;6;1533;1
43;261;3;95;4
43;251;6;1322;90
43;233;7;33193;1
43;292;7;13777;47
43;234;7;13133;1
43;240;7;13133;1
43;224;7;12114;1
43;233;7;22777;2
43;235;7;13777;22
43;232;7;50444;1
43;258;6;1313;3
43;255;7;33222;1
43;255;7;12;2
43;255;7;13;12
43;255;7;15;1
43;224;7;70345;1
43;237;6;6565;2
43;252;5;95;13
43;246;5;160;1
43;251;7;96;3
43;259;6;1313;3
43;240;6;2220;1
43;235;7;10123;1
43;284;7;96;3
43;285;7;22111;6
43;251;7;95;4
43;238;6;4477;1
43;231;7;22111;1
43;252;6;1221;4
43;279;6;1222;1
43;268;7;22120;1
43;224;7;55100;1
43;282;6;5555;1
43;256;7;15222;24
43;243;6;1221;1
43;265;6;5588;19
43;245;7;11000;1
43;245;7;13111;1
43;288;7;15222;7
43;268;7;13777;53
43;229;7;11111;1
43;295;6;4447;1
43;248;6;2222;4
43;254;7;15222;23
43;290;6;1233;2
43;291;6;1292;1
43;246;6;1221;1
43;274;3;95;2
43;240;6;1292;3
43;231;6;2255;4
43;279;6;1533;2
43;286;7;12333;12
43;243;6;1333;5
43;230;6;5511;3
43;252;3;96;15
43;231;6;2211;4
43;263;6;2255;3
43;289;7;13777;31
43;235;7;22111;1
43;282;5;95;10
43;234;7;23192;1
43;240;7;23192;3
43;238;7;43640;1
43;258;6;4456;1
43;284;7;15777;1
43;228;7;55333;24
43;256;6;1313;2
43;257;5;700;25
43;288;3;13;143
43;288;7;44321;1
43;259;6;2211;4
43;287;6;2277;10
43;255;6;5588;39
43;265;6;5013;2
43;248;7;13456;1
43;248;7;15888;3
43;263;7;70123;2
43;263;5;700;20
43;277;6;2211;5
43;234;6;2210;1
43;256;7;13222;13
43;288;6;1213;7
43;253;7;11999;1
43;229;5;95;12
43;261;6;2222;2
43;243;7;12555;1
43;286;3;13;67
43;238;6;4456;3
43;256;6;5588;32
43;288;6;2211;2
43;233;7;12456;2
43;270;7;10444;3
43;248;6;7040;1
43;268;6;1855;4
43;268;6;4455;1
43;258;5;131;108
43;287;6;96;4
43;228;6;6565;1
43;226;7;11111;1
43;291;6;2200;3
43;295;3;12;8
43;224;7;15888;2
43;230;6;1000;2
43;246;6;2277;10
43;261;5;131;109
43;287;7;70000;1
43;238;7;95;11
43;286;7;12345;1
43;243;6;1233;1
43;281;5;555;2
43;243;6;5511;6
43;243;5;160;1
43;295;6;13;1
43;295;7;10;1
43;295;7;12;2
43;295;7;13;6
43;295;7;23;1
43;295;7;44;1
43;295;6;10;1
43;268;6;12;2
43;268;6;13;11
43;268;6;21;1
43;268;6;45;1
43;268;6;55;2
43;268;6;70;1
43;268;7;11;5
43;268;7;12;1
43;268;7;13;25
43;268;7;16;1
43;268;7;22;3
43;268;7;23;2
43;268;7;44;1
43;268;7;45;1
43;279;6;11;2
43;279;6;12;3
43;279;6;13;1
43;257;5;555;2
43;232;6;4456;2
43;240;7;80180;1
43;289;7;95;4
43;232;6;1277;11
43;231;6;2299;13
43;224;6;4488;5
43;254;6;96;9
43;228;7;12333;9
43;233;5;96;23
43;287;6;4490;1
43;287;6;5588;25
43;253;6;1213;6
43;261;7;44190;1
43;282;7;96;8
43;257;6;4567;1
43;292;6;1533;6
43;282;6;1533;1
43;233;6;1566;1
43;230;6;1233;1
43;253;7;55333;2
43;287;6;4406;2
43;233;7;13222;8
43;258;7;13222;5
43;288;3;44;23
43;281;6;1522;1
43;230;7;44333;1
43;263;7;13555;3
43;227;7;15333;1
43;231;6;1277;7
43;259;3;13;91
43;227;6;55;2
43;284;6;11;1
43;284;6;12;2
43;284;6;13;2
43;284;7;12;1
43;284;7;13;11
43;284;7;16;1
43;284;7;22;1
43;284;7;23;3
43;284;7;55;1
43;251;6;11;1
43;251;6;12;1
43;251;6;13;2
43;256;6;1855;1
43;274;6;96;4
43;229;3;13;118
43;224;7;10444;3
43;265;6;1321;1
43;230;7;55;2
43;230;6;11;1
43;230;6;12;2
43;230;6;13;2
43;257;7;12;2
43;257;7;13;16
43;257;7;55;2
43;257;7;70;1
43;257;6;11;1
43;257;6;12;2
43;257;6;13;6
43;257;6;21;1
43;227;7;44447;1
43;229;7;22222;3
43;243;7;65123;2
43;245;7;65123;2
43;227;6;2277;7
43;233;3;12;13
43;243;7;22777;4
43;289;6;1322;30
43;229;6;4490;2
43;229;6;5588;37
43;252;7;55888;1
43;237;6;1213;10
43;256;7;44888;1
43;290;7;13333;3
43;285;3;95;4
43;227;7;50500;1
43;279;6;2222;1
43;246;6;1277;1
43;261;7;15222;3
43;226;7;15888;1
43;245;6;1221;2
43;245;7;13222;13
43;274;6;5588;21
43;288;3;12;5
43;291;6;1322;88
43;259;6;2299;4
43;251;6;1313;1
43;295;6;4456;1
43;255;5;96;23
43;253;6;96;5
43;255;6;1221;1
43;233;7;55888;2
43;224;6;4455;7
43;255;7;13222;19
43;257;6;1221;5
43;260;7;13123;1
43;253;6;2266;1
43;253;7;70321;1
43;292;7;43777;1
43;261;6;5588;60
43;243;7;13222;18
43;259;7;13222;5
43;248;3;13;153
43;277;7;55333;1
43;253;7;15120;3
43;282;5;555;8
43;255;6;5013;7
43;233;6;2299;15
43;245;3;96;9
43;248;6;1322;116
43;243;6;1213;2
43;243;7;55888;2
43;226;6;96;4
43;253;7;55;2
43;246;6;11;1
43;254;7;70333;1
43;229;7;13555;5
43;254;6;1234;1
43;283;6;5555;1
43;246;7;23333;6
43;235;3;96;6
43;231;7;11444;1
43;287;6;2299;24
43;229;7;44190;1
43;286;6;95;12
43;285;7;13777;20
43;254;3;12;7
43;229;6;1333;1
43;251;7;22111;1
43;251;6;1533;1
43;231;7;13333;10
43;260;7;13222;8
43;292;6;6565;2
43;245;6;5511;3
43;257;5;96;15
43;230;6;1533;2
43;292;6;5555;2
43;282;6;4490;1
43;282;6;5588;54
43;258;7;22222;1
43;285;7;12333;10
43;238;7;96;4
43;243;5;700;17
43;251;7;13777;72
43;237;6;4406;1
43;291;7;22777;3
43;288;5;131;148
43;289;7;96;2
43;255;7;12000;2
43;265;7;12999;1
43;248;7;15120;1
43;253;6;4488;3
43;290;7;22777;3
43;255;7;22222;7
43;255;7;44190;1
43;265;7;19222;1
43;258;3;44;33
43;257;6;5013;6
43;283;7;22222;1
43;248;6;1233;1
43;291;6;2299;1
43;282;6;2255;1
43;248;7;95;3
43;226;6;5588;40
43;224;7;44447;1
43;254;5;95;9
43;284;3;95;4
43;281;7;13777;26
43;229;5;131;123
43;251;7;22222;2
43;257;6;2299;12
43;257;6;2211;13
43;279;6;22;1
43;279;7;13;13
43;279;7;15;1
43;279;7;22;1
43;279;7;45;1
43;279;7;55;2
43;238;7;12;2
43;238;7;13;19
43;238;7;15;3
43;238;7;22;3
43;238;7;23;1
43;238;6;12;6
43;238;6;13;4
43;238;6;22;2
43;260;6;12;1
43;260;6;13;2
43;233;6;1213;3
43;291;6;1522;4
43;227;6;1321;1
43;251;7;12345;1
43;284;3;44;27
43;274;7;15555;1
43;257;6;1292;2
43;235;5;555;1
43;286;7;15222;6
43;282;6;1322;134
43;230;5;96;9
43;243;3;44;30
43;233;6;4441;1
43;235;7;13456;2
43;231;6;22;1
43;231;7;12;2
43;231;7;13;8
43;231;7;22;2
43;265;5;700;18
43;270;5;96;17
43;224;6;4444;4
43;265;6;6565;3
43;229;6;2277;12
43;274;7;15222;89
43;224;6;5567;1
43;233;5;131;123
43;265;6;2277;2
43;224;6;1323;1
43;252;7;12100;1
43;257;7;13777;33
43;268;6;4410;1
43;282;6;5533;2
43;228;7;13333;1
43;240;7;44555;1
43;240;7;70123;3
43;240;5;700;17
43;235;3;44;27
43;235;6;2211;8
43;229;6;4433;2
43;252;5;96;31
43;256;7;15120;1
43;251;6;96;3
43;279;5;96;13
43;255;3;12;15
43;291;6;1234;1
43;255;7;13555;16
43;274;6;5013;1
43;260;5;131;129
43;290;6;2211;1
43;258;7;12000;1
43;274;6;95;3
43;231;6;2277;6
43;285;6;1533;1
43;255;6;95;8
43;268;6;1233;1
43;258;7;15222;3
43;235;7;13111;1
43;279;5;555;1
43;252;7;44555;1
43;252;7;70123;1
43;252;5;700;34
43;233;7;23192;1
43;235;6;4490;1
43;232;6;2222;1
43;235;7;55555;3
43;232;6;5511;2
43;251;5;160;1
43;251;6;5511;3
43;289;6;1333;1
43;274;7;15888;1
43;292;7;12333;8
43;234;7;11111;2
43;295;7;22111;1
43;291;6;2255;1
43;283;5;555;5
43;282;6;1311;1
43;282;3;13;227
43;291;6;5511;1
43;282;7;13777;47
43;256;6;2211;9
43;268;7;15333;3
43;238;6;1212;1
43;226;6;2277;10
43;234;7;15888;2
43;284;6;1313;3
43;283;3;12;7
43;229;7;22777;11
43;228;7;23333;27
43;235;6;4456;3
43;234;6;2255;5
43;286;6;4456;2
43;290;3;95;5
43;224;3;44;66
43;277;7;13333;1
43;229;6;1277;5
43;286;7;55333;8
43;253;6;1111;1
43;253;7;95;13
43;274;6;2299;8
43;251;6;5522;1
43;251;6;95;7
43;265;6;5511;1
43;260;7;15888;2
43;254;6;1277;12
43;295;6;1213;1
43;240;6;4406;1
43;248;6;4406;1
43;295;5;131;88
43;277;7;13555;7
43;259;6;1533;1
43;233;3;13;118
43;237;7;44123;1
43;233;7;15333;1
43;237;7;15222;14
43;232;6;6565;4
43;224;5;700;53
43;287;7;12222;1
43;253;6;1233;1
43;228;6;1213;3
43;253;7;55555;1
43;226;7;23333;33
43;227;6;1322;46
43;256;6;4029;1
43;237;7;12000;2
43;261;6;1277;1
43;288;5;95;7
43;246;6;1234;2
43;281;6;5588;33
43;291;6;96;3
43;224;6;3633;2
43;254;5;555;1
43;254;7;12333;17
43;289;7;44000;1
43;232;7;13333;13
43;228;6;96;5
43;252;7;13234;2
43;286;3;12;5
43;231;3;95;7
43;253;5;131;201
43;229;6;1213;5
43;257;6;1232;1
43;226;6;5013;1
43;240;6;2299;20
43;240;6;2255;2
43;251;7;12777;1
43;263;6;1123;1
43;228;7;55555;1
43;256;3;12;15
43;232;6;2211;9
43;295;7;15222;5
43;234;7;12000;3
43;240;7;12000;1
43;232;5;555;4
43;237;7;11;3
43;237;7;12;1
43;237;7;13;14
43;237;7;22;2
43;237;7;23;1
43;237;7;44;1
43;237;7;45;1
43;233;6;12;2
43;233;7;13131;1
43;230;3;96;4
43;270;6;2222;10
43;235;7;65123;1
43;283;7;13222;5
43;256;6;4410;1
43;230;6;1311;1
43;268;7;13555;10
43;295;7;12333;15
43;287;3;96;13
43;237;6;95;5
43;279;5;95;7
43;232;5;95;4
43;240;5;95;13
43;265;6;2299;14
43;231;6;1213;2
43;227;6;4488;3
43;265;5;96;22
43;226;6;4455;8
43;237;6;1221;1
43;224;7;15777;1
43;240;5;96;17
43;288;3;96;2
43;284;6;95;6
43;243;6;4456;3
43;277;5;96;17
43;252;7;96;8
43;252;6;1213;8
43;263;6;2299;11
43;243;6;4490;1
43;243;6;5588;25
43;259;6;5511;1
43;251;6;1333;1
43;288;6;1111;1
43;288;7;95;8
43;290;3;12;25
43;233;6;5511;5
43;263;6;1213;7
43;261;7;13111;2
43;253;3;44;59
43;227;3;12;5
43;279;7;96;2
43;251;7;12333;6
43;284;7;13555;1
43;277;6;1322;119
43;259;6;7040;1
43;291;5;95;5
43;257;6;96;6
43;256;6;2222;9
43;255;7;23313;1
43;265;7;23333;37
43;257;7;22777;5
43;228;6;4488;1
43;226;6;6565;1
43;229;6;95;9
43;261;6;2299;3
43;224;6;4406;1
43;290;6;95;8
43;285;7;15222;18
43;227;7;22222;2
43;224;7;15222;13
43;230;6;5013;2
43;263;6;1111;3
43;263;7;95;10
43;283;5;95;4
43;260;3;44;30
43;270;6;2211;5
43;234;7;13555;7
43;240;7;13555;10
43;265;7;13222;9
43;288;7;22333;1
43;260;6;1299;1
43;274;6;4477;2
43;232;7;22777;1
43;268;6;5511;1
43;295;6;95;4
43;252;6;1233;3
43;289;7;15333;1
43;237;7;55333;1
43;226;7;15333;2
43;258;6;1322;39
43;274;6;5511;1
43;248;6;5588;71
43;260;6;1533;1
43;286;3;96;11
43;290;7;13555;12
43;245;6;2277;4
43;259;6;1522;1
43;281;6;4455;1
43;270;6;51;1
43;270;6;12;2
43;270;6;13;6
43;270;6;22;1
43;295;6;12;2
43;228;6;1321;1
43;234;5;555;1
43;227;7;95;2
43;227;6;4455;12
43;284;7;22111;1
43;237;7;13555;8
43;281;6;5533;1
43;253;7;13777;36
43;288;7;70123;4
43;274;3;44;17
43;246;6;2222;2
43;292;7;70070;1
43;232;7;33193;1
43;232;7;55555;2
43;255;7;23;2
43;255;7;45;2
43;255;7;55;3
43;281;6;1322;78
43;287;5;95;14
43;270;6;2277;6
43;224;7;13777;33
43;231;5;131;132
43;274;6;4000;1
43;234;7;55011;1
43;226;3;44;42
43;277;7;44555;1
43;277;7;70123;1
43;281;7;12555;1
43;228;3;95;3
43;238;6;1221;1
43;231;7;12100;1
43;274;7;96;4
43;243;6;1322;69
43;258;3;12;7
43;255;7;50000;1
43;284;6;4456;2
43;234;7;96;7
43;240;7;96;4
43;284;7;13123;1
43;257;3;95;8
43;226;7;22222;3
43;290;6;96;6
43;245;7;12000;1
43;258;6;1314;1
43;256;3;80;1
43;279;3;96;3
43;259;7;13111;2
43;255;7;23333;63
43;227;7;22777;11
43;224;6;2288;1
43;279;7;13555;1
43;277;6;5588;14
43;240;5;555;5
43;256;6;1010;2
43;256;6;4456;2
43;274;7;22222;1
43;234;7;12222;1
43;281;6;96;5
43;246;3;95;6
43;237;7;13333;14
43;240;6;4456;2
43;245;6;2222;5
43;245;6;4456;4
43;232;6;96;10
43;285;7;23333;56
43;287;6;2211;7
43;245;7;55555;6
43;256;7;33222;2
43;257;7;50444;1
43;233;7;13111;1
43;258;3;95;5
43;268;6;96;7
43;282;5;131;238
43;245;7;13555;13
43;234;6;1321;1
43;281;5;700;15
43;240;7;12333;25
43;258;6;2288;1
43;258;7;13133;1
43;282;6;5511;1
43;245;5;131;163
43;227;7;45;1
43;227;7;55;1
43;227;7;70;1
43;227;6;11;1
43;227;6;13;2
43;224;6;2211;18
43;281;6;2222;2
43;248;6;1122;1
43;253;5;555;3
43;292;7;44888;1
43;234;7;13333;9
43;240;7;13333;13
43;251;7;15222;94
43;231;7;22222;1
43;283;6;1232;1
43;265;6;1299;3
43;257;6;1222;1
43;257;6;1234;2
43;256;7;45111;1
43;289;5;96;7
43;251;7;22777;7
43;274;6;7011;1
43;284;6;2211;2
43;258;6;1233;4
43;254;3;44;49
43;253;7;15888;3
43;245;7;23333;42
43;237;7;22777;1
43;230;6;1333;1
43;285;6;1322;77
43;277;6;4444;1
43;277;6;4410;2
43;229;7;13777;26
43;263;7;43640;3
43;290;5;700;16
43;237;3;44;25
43;295;7;23333;29
43;283;6;13;8
43;283;6;19;1
43;283;6;36;1
43;283;6;65;1
43;283;7;12;3
43;283;7;13;21
43;283;7;22;1
43;283;7;55;4
43;283;7;70;1
43;230;7;11;2
43;230;7;13;5
43;230;7;23;1
43;263;7;15222;14
43;287;7;12000;1
43;281;6;1313;2
43;277;7;95;6
43;284;7;33333;1
43;256;6;4422;1
43;237;3;96;4
43;286;5;700;10
43;258;5;95;9
43;254;3;95;5
43;252;6;5588;37
43;233;6;5567;1
43;257;7;13555;18
43;261;6;4456;2
43;237;6;1313;1
43;291;5;131;142
43;261;7;23333;32
43;237;6;4456;5
43;274;6;55;1
43;274;6;11;2
43;274;6;12;6
43;274;6;13;2
43;274;7;11;1
43;274;7;12;1
43;274;7;13;13
43;274;7;15;3
43;274;7;23;1
43;292;7;22111;1
43;227;7;13555;4
43;281;6;1588;1
43;231;6;1299;1
43;231;6;1513;1
43;255;3;44;55
43;268;5;95;10
43;259;7;13555;2
43;251;7;70;2
43;251;6;55;1
43;251;7;13;10
43;251;7;55;1
43;243;6;11;1
43;243;6;12;1
43;243;6;13;6
43;243;6;23;1
43;243;7;13;11
43;243;7;15;1
43;243;7;22;3
43;243;7;23;1
43;243;7;44;1
43;243;7;45;1
43;243;7;65;1
43;224;6;10;1
43;224;6;11;1
43;224;6;12;4
43;224;6;13;3
43;224;6;33;1
43;254;7;55888;3
43;255;7;12777;1
43;234;6;2211;8
43;291;6;5555;1
43;286;7;95;11
43;290;6;1311;1
43;246;6;1233;2
43;287;7;13333;7
43;295;5;700;11
43;226;7;22111;1
43;238;3;44;20
43;254;6;1213;11
43;234;6;5588;33
43;240;6;5588;30
43;234;3;95;8
43;263;6;1333;1
43;229;7;13222;16
43;285;6;4456;9
43;286;7;70070;1
43;231;6;1292;1
43;279;7;12777;1
43;285;3;44;20
43;231;6;1522;1
43;245;6;2211;10
43;254;7;44555;1
43;254;5;700;25
43;257;7;13333;16
43;279;7;13777;70
43;256;6;1311;1
43;233;7;12777;1
43;238;7;13777;20
43;289;7;22111;1
43;251;7;50444;1
43;231;7;23333;30
43;288;7;12456;1
43;238;3;96;7
43;292;3;44;24
43;232;5;131;141
43;254;7;22678;1
43;248;6;1313;1
43;291;6;95;9
43;226;5;95;2
43;243;7;13555;17
43;255;7;10123;1
43;227;7;12456;1
43;255;7;50500;2
43;251;6;1010;1
43;251;6;4456;1
43;274;5;555;2
43;286;6;1155;1
43;246;7;13222;2
43;292;5;95;4
43;224;6;1322;42
43;227;5;96;23
43;246;5;131;193
43;253;6;6565;3
43;261;3;12;3
43;254;7;13222;26
43;260;7;13555;4
43;228;3;96;8
43;281;7;96;4
43;237;3;13;141
43;252;7;33222;1
43;256;7;50777;1
43;228;7;22022;1
43;232;3;13;127
43;288;6;2255;4
43;246;6;1213;1
43;252;7;44111;1
43;253;7;22153;1
43;232;6;5533;1
43;246;6;95;7
43;287;5;700;20
43;290;6;2299;41
43;259;6;5013;1
43;277;6;2277;15
43;246;3;96;11
43;286;3;95;7
43;270;7;12222;1
43;256;7;22777;9
43;256;3;13;164
43;270;7;22777;7
43;233;6;4488;3
43;279;7;22111;6
43;228;5;700;39
43;277;3;12;11
43;279;6;1322;56
43;274;5;95;5
43;263;5;131;122
43;231;6;4488;2
43;255;6;6565;4
43;283;7;15333;1
43;231;6;1322;48
43;235;6;4000;3
43;288;3;95;3
43;238;7;15120;1
43;255;5;131;199
43;258;7;13123;2
43;248;6;1299;2
43;263;7;22333;1
43;265;7;13777;21
43;259;3;12;7
43;263;6;1322;44
43;228;6;2211;23
43;253;6;1322;79
43;295;6;4410;5
43;238;3;95;1
43;261;7;22111;2
43;243;6;1533;1
43;255;7;55011;2
43;251;6;5588;84
43;255;6;2222;6
43;284;7;13222;3
43;246;7;22222;1
43;234;6;95;10
43;240;6;95;14
43;224;6;1213;3
43;237;7;12333;17
43;253;6;1234;4
43;229;7;50500;1
43;252;6;1277;12
43;235;3;95;5
43;240;3;12;12
43;282;6;95;9
43;274;7;22777;6
43;243;6;1123;1
43;229;7;55888;1
43;282;6;2022;1
43;255;7;22777;6
43;231;7;23444;1
43;233;7;12114;1
43;287;6;5511;2
43;234;7;55888;4
43;270;7;13123;1
43;238;5;95;5
43;252;6;1122;1
43;258;7;15888;2
43;227;6;96;9
43;295;7;22777;4
43;274;7;45111;1
43;287;6;4441;1
43;268;3;12;11
43;232;7;13555;14
43;261;6;1522;2
43;254;6;2211;22
43;282;7;55333;21
43;229;3;96;8
43;254;7;36666;1
43;257;6;1000;1
43;235;6;96;7
43;295;6;1222;1
43;277;3;95;4
43;285;3;96;3
43;245;7;12555;1
43;253;6;1277;6
43;257;7;33777;1
43;246;3;44;68
43;227;7;13222;18
43;224;7;70321;1
43;257;6;1322;76
43;228;6;5588;32
43;228;3;13;115
43;254;7;96;7
43;252;6;1323;1
43;224;6;1212;1
43;230;5;131;131
43;224;7;45000;3
43;287;7;13222;11
43;234;6;6565;1
43;240;6;6565;4
43;287;6;6565;5
43;260;7;15222;1
43;227;6;1111;1
43;261;3;16;1
43;237;6;5517;1
43;286;6;4455;7
43;257;5;131;210
43;243;7;13777;27
43;256;7;12114;1
43;270;6;1099;1
43;251;5;95;5
43;237;6;2211;6
43;246;5;96;21
43;235;3;13;112
43;289;5;95;4
43;256;7;13333;14
43;287;7;22111;2
43;228;6;3633;1
43;291;7;13555;9
43;284;7;95;5
43;248;6;1321;1
43;291;7;96;4
43;285;5;95;4
43;286;7;11444;1
43;252;6;5533;2
43;281;6;11;4
43;285;7;13;13
43;285;7;23;2
43;285;7;45;1
43;281;6;12;1
43;281;6;13;3
43;281;6;70;1
43;281;7;12;3
43;287;6;1213;1
43;255;7;95;12
43;270;3;96;10
43;234;5;131;136
43;281;3;96;5
43;224;6;1133;1
43;255;7;22022;2
43;227;6;1213;4
43;261;6;1322;34
43;268;7;12345;1
43;268;7;65013;1
43;240;6;1213;9
43;246;7;22777;8
43;286;6;1277;1
43;228;5;131;126
43;243;6;2277;2
43;263;6;1234;3
43;257;7;12456;1
43;229;7;22022;2
43;230;3;13;118
43;290;6;2222;2
43;238;7;13222;16
43;231;7;55555;1
43;279;6;1232;1
43;243;3;13;156
43;254;6;1111;1
43;226;6;95;4
43;226;7;45000;1
43;235;6;1522;1
43;291;7;12333;3
43;245;6;1277;4
43;238;6;1222;1
43;260;7;12333;4
43;260;7;13333;2
43;232;7;13234;1
43;252;3;12;20
43;252;6;5511;6
43;233;6;1010;2
43;233;6;4456;2
43;270;6;96;4
43;243;6;5533;1
43;265;7;55333;1
43;256;3;95;9
43;268;7;13333;3
43;229;3;95;5
43;282;7;15222;111
43;240;7;55888;2
43;290;6;5511;1
43;248;3;44;72
43;254;6;2277;2
43;246;6;1232;1
43;245;6;1323;1
43;283;7;23333;39
43;231;6;96;6
43;232;6;2255;1
43;260;6;2277;2
43;283;5;96;23
43;283;7;30000;1
43;237;7;13456;2
43;237;7;15888;5
43;290;7;12333;45
43;224;6;6565;1
43;226;7;10444;1
43;289;3;13;62
43;229;6;4444;2
43;227;7;45300;1
43;243;6;2222;4
43;232;7;23333;31
43;257;6;5511;10
43;279;6;5599;1
43;268;7;96;4
43;256;5;131;189
43;256;7;23192;2
43;286;7;22111;2
43;263;6;6565;4
43;291;7;13133;1
43;224;3;13;150
43;265;3;95;3
43;279;3;13;104
43;265;6;2222;6
43;243;6;4410;1
43;254;3;96;8
43;277;3;96;5
43;246;6;5013;5
43;231;7;22333;2
43;281;6;1277;2
43;292;3;12;4
43;288;6;5511;2
43;256;7;10124;1
43;253;6;2299;21
43;227;6;1533;3
43;287;6;95;18
43;270;6;1255;1
43;230;6;2299;17
43;265;5;131;150
43;245;7;30000;1
43;226;6;5544;1
43;263;3;95;4
43;232;7;13777;26
43;287;6;7040;1
43;224;7;12777;1
43;245;7;15222;18
43;252;7;22777;7
43;292;6;1322;52
43;288;6;5555;1
43;282;7;13555;1
43;229;6;2211;22
43;230;5;555;4
43;238;7;33333;1
43;295;3;13;88
43;256;6;1321;1
43;253;3;13;182
43;257;6;4406;1
43;232;6;5013;5
43;268;5;555;3
43;232;7;96;7
43;245;7;15888;3
43;251;3;95;5
43;265;6;95;11
43;253;6;5511;9
43;232;7;70321;1
43;289;6;5566;1
43;227;6;95;2
43;279;6;1233;1
43;295;6;96;5
43;258;6;96;2
43;292;6;1213;13
43;290;7;96;6
43;254;6;1533;1
43;289;5;555;2
43;235;5;95;10
43;224;6;95;3
43;286;7;15888;1
43;283;6;6565;3
43;248;7;12345;1
43;277;7;45333;1
43;252;7;13555;12
43;270;7;13555;5
43;240;7;13111;1
43;265;6;1133;1
43;237;7;23333;39
43;229;6;1233;1
43;235;7;13333;8
43;233;7;13333;2
43;240;6;1533;1
43;292;6;4456;4
43;286;6;1533;3
43;231;5;96;15
43;230;6;1213;8
43;240;6;2211;8
43;287;6;1322;38
43;270;6;1233;1
43;260;6;1333;2
43;228;6;1322;43
43;237;7;44557;1
43;259;6;1333;1
43;227;3;95;2
43;270;3;44;45
43;295;7;70123;5
43;292;7;22190;1
43;292;5;131;148
43;263;6;1232;1
43;256;6;2277;8
43;245;7;70333;1
43;290;7;12345;1
43;224;7;13555;3
43;228;7;15222;19
43;234;3;12;5
43;261;7;13777;58
43;251;6;1299;4
43;257;5;95;9
43;258;5;96;19
43;235;6;4447;1
43;226;7;12333;8
43;234;7;70123;2
43;234;5;700;23
43;277;7;22777;11
43;291;7;12000;1
43;290;6;1321;1
43;283;6;2222;2
43;230;7;13333;12
43;227;7;13131;1
43;284;5;95;5
43;231;5;95;10
43;254;6;1292;3
43;279;3;44;56
43;257;7;15222;20
43;248;7;13777;68
43;292;6;4490;1
43;292;6;5588;42
43;286;6;5588;9
43;226;7;44447;1
43;270;3;13;129
43;224;3;96;17
43;277;5;700;16
43;277;6;1234;7
43;257;7;22222;5
43;291;7;13222;5
43;274;7;13777;24
43;226;3;96;10
43;245;7;70123;2
43;245;5;700;18
43;256;6;1233;1
43;287;6;1522;3
43;265;6;2255;3
43;292;7;15333;4
43;261;7;22556;1
43;224;7;23333;34
43;295;6;1277;15
43;231;5;555;1
43;254;7;33222;2
43;238;7;15888;2
43;259;6;2313;1
43;226;6;4441;1
43;238;6;1277;8
43;231;6;4490;1
43;231;6;5588;22
43;233;6;4444;1
43;274;3;13;138
43;288;6;4400;1
43;288;6;2299;9
43;289;3;44;21
43;248;6;1010;1
43;248;6;4456;2
43;258;6;1588;1
43;243;3;96;10
43;238;7;43333;1
43;238;7;55888;1
43;232;7;12000;1
43;252;6;5080;1
43;234;6;1213;6
43;290;7;13111;1
43;228;6;1233;1
43;295;7;15333;4
43;265;6;2211;7
43;231;3;13;117
43;256;6;1213;14
43;243;6;2299;12
43;261;6;1313;5
43;237;6;4410;2
43;257;6;1321;2
43;285;6;5588;24
43;233;6;1222;1
43;233;6;1234;4
43;228;6;4455;6
43;231;7;15888;1
43;261;3;44;34
43;270;6;1322;86
43;284;6;2222;2
43;270;6;95;18
43;287;6;5013;5
43;259;3;44;33
43;231;6;2233;2
43;268;6;1222;1
43;268;6;1234;2
43;238;6;6565;4
43;270;6;1222;1
43;260;5;700;7
43;240;7;36666;1
43;257;6;4488;1
43;235;5;700;17
43;248;1;12;5
43;231;1;95;2
43;234;1;95;5
43;240;1;95;5
43;286;1;44;2
43;265;1;12;10
43;231;1;27;1
43;233;1;13;141
43;265;1;15;1
43;256;1;22;50
43;265;1;13;153
43;232;1;15;2
43;253;1;12;17
43;265;1;22;21
43;285;1;95;2
43;237;1;13;153
43;232;1;22;14
43;232;1;13;137
43;281;1;95;2
43;237;1;15;5
43;286;1;22;15
43;237;1;44;1
43;226;1;13;138
43;286;1;13;79
43;227;1;13;137
43;237;1;96;5
43;248;1;13;185
43;260;1;13;132
43;283;1;13;126
43;233;1;96;4
43;232;1;95;1
43;254;1;13;196
43;230;1;44;1
43;284;1;13;121
43;286;1;95;3
43;291;1;13;141
43;257;1;13;202
43;285;1;22;21
43;238;1;13;171
43;230;1;13;137
43;252;1;13;199
43;279;1;13;139
43;268;1;13;206
43;234;1;22;35
43;240;1;22;29
43;274;1;13;146
43;232;1;96;10
43;237;1;12;3
43;286;1;96;7
43;232;1;44;1
43;289;1;13;73
43;251;1;13;165
43;233;1;12;6
43;245;1;13;169
43;243;1;13;178
43;265;1;95;3
43;277;1;13;152
43;265;1;96;12
43;232;1;12;9
43;282;1;13;259
43;286;1;12;1
43;290;1;12;6
43;290;1;13;155
43;237;1;95;4
43;233;1;95;2
43;258;1;13;121
43;230;1;12;6
43;288;1;13;149
43;228;1;13;131
43;235;1;13;124
43;292;1;12;4
43;292;1;13;153
43;258;1;12;1
43;288;1;12;6
43;263;1;13;127
43;263;1;12;9
43;228;1;12;6
43;281;1;22;17
43;235;1;12;8
43;270;1;13;149
43;295;1;13;93
43;283;1;12;4
43;231;1;22;24
43;230;1;22;25
43;258;1;22;17
43;288;1;22;17
43;237;1;22;18
43;252;1;14;1
43;233;1;22;23
43;283;1;30;1
43;259;1;13;126
43;263;1;15;2
43;292;1;22;3
43;230;1;15;2
43;257;1;95;3
43;291;1;95;1
43;292;1;15;1
43;252;1;95;3
43;261;1;13;111
43;288;1;96;3
43;290;1;15;2
43;260;1;12;2
43;235;1;15;2
43;263;1;30;1
43;289;1;95;1
43;263;1;22;20
43;226;1;95;1
43;245;1;95;3
43;230;1;96;3
43;243;1;22;22
43;279;1;12;4
43;285;1;96;2
43;238;1;12;8
43;251;1;22;40
43;263;1;96;12
43;254;1;22;45
43;284;1;22;19
43;256;1;15;1
43;268;1;12;4
43;281;1;96;6
43;245;1;22;26
43;290;1;22;33
43;252;1;22;46
43;228;1;96;8
43;235;1;96;2
43;290;1;96;4
43;283;1;96;8
43;291;1;22;22
43;258;1;96;3
43;231;1;96;4
43;283;1;22;12
43;261;1;22;21
43;256;1;96;13
43;234;1;96;2
43;240;1;96;3
43;289;1;96;3
43;228;1;22;41
43;235;1;22;24
43;245;1;96;5
43;251;1;12;16
43;227;1;22;39
43;248;1;22;40
43;243;1;12;5
43;270;1;15;1
43;259;1;96;7
43;257;1;22;38
43;274;1;22;11
43;284;1;12;3
43;258;1;95;3
43;288;1;95;1
43;282;1;22;16
43;282;1;15;4
43;257;1;96;6
43;277;1;15;2
43;282;1;96;4
43;274;1;15;5
43;285;1;44;1
43;277;1;96;3
43;226;1;12;5
43;274;1;96;3
43;257;1;12;8
43;226;1;22;42
43;270;1;22;40
43;295;1;22;15
43;270;1;96;3
43;289;1;12;3
43;295;1;96;3
43;259;1;22;11
43;277;1;22;24
43;245;1;12;6
43;226;1;96;3
43;234;1;15;1
43;240;1;15;1
43;289;1;22;13
43;270;1;95;3
43;282;1;95;1
43;231;1;21;1
43;238;1;95;2
43;256;1;44;1
43;259;1;95;2
43;277;1;95;1
43;274;1;95;2
43;252;1;44;2
43;226;1;44;1
43;291;1;96;2
43;260;1;95;1
43;231;1;44;1
43;291;1;12;3
43;254;1;12;12
43;279;1;95;5
43;282;1;12;8
43;252;1;12;12
43;234;1;44;1
43;240;1;44;3
43;254;1;96;6
43;252;1;96;9
43;295;1;12;5
43;268;1;95;6
43;256;1;13;183
43;229;1;22;55
43;277;1;12;11
43;291;1;44;2
43;228;1;95;1
43;235;1;95;1
43;257;1;44;3
43;253;1;22;46
43;292;1;95;1
43;254;1;15;1
43;270;1;12;3
43;240;1;14;1
43;279;1;96;4
43;253;1;13;187
43;283;1;95;1
43;238;1;96;4
43;252;1;15;4
43;260;1;96;2
43;259;1;12;1
43;226;1;15;1
43;224;1;22;59
43;246;1;22;40
43;263;1;95;4
43;287;1;22;28
43;229;1;13;127
43;245;1;15;1
43;256;1;95;1
43;255;1;22;49
43;281;1;13;137
43;285;1;13;151
43;227;1;95;1
43;248;1;95;1
43;290;1;95;3
43;231;1;13;133
43;234;1;13;129
43;240;1;13;162
43;261;1;15;1
43;274;1;12;9
43;282;1;44;1
43;243;1;95;1
43;284;1;95;4
43;270;1;44;1
43;261;1;95;1
43;251;1;15;1
43;287;1;13;161
43;255;1;13;191
43;257;1;15;1
43;248;1;15;3
43;251;1;95;1
43;285;1;12;5
43;224;1;13;174
43;256;1;12;13
43;261;1;27;1
43;246;1;13;189
43;268;1;96;7
43;268;1;22;16
43;260;1;22;9
43;229;1;12;7
43;255;1;30;1
43;231;1;12;5
43;234;1;12;7
43;240;1;12;4
43;287;1;12;2
43;255;1;12;9
43;281;1;12;2
43;253;1;30;1
43;287;1;15;1
43;229;1;95;3
43;279;1;22;19
43;238;1;22;19
43;229;1;15;2
43;224;1;12;7
43;246;1;12;5
43;224;1;44;1
43;246;1;44;2
43;253;1;95;7
43;248;1;44;2
43;224;1;96;8
43;246;1;15;3
43;246;1;96;9
43;246;1;95;5
43;287;1;95;1
43;227;1;96;9
43;255;1;95;2
43;248;1;96;7
43;253;1;21;1
43;253;1;44;1
43;279;1;15;2
43;229;1;96;3
43;279;1;44;1
43;255;1;44;1
43;268;1;15;2
43;229;1;44;1
43;261;1;96;7
43;287;1;96;6
43;255;1;96;12
43;251;1;96;9
43;253;1;96;6
43;243;1;96;10
43;284;1;96;3
43;251;1;44;2
43;268;1;44;1
43;261;1;44;2
