cargo;numero;sq;nome;nome_urna;partido;situacao;genero;ocupacao;foto
Deputado Estadual;10000;60001608819;LUIZ HENRIQUE CASTELO LIMA;APÓSTOLO LUIZ HENRIQUE;REPUBLICANOS;ELEITO POR MÉDIA;MASCULINO;SACERDOTE OU MEMBRO DE ORDEM OU SEITA RELIGIOSA;60001608819.jpg
Deputado Estadual;10123;60001608816;DAVID DE ALBUQUERQUE DURAND;DAVID DURAND;REPUBLICANOS;ELEITO POR QP;MASCULINO;DEPUTADO;60001608816.jpg
Deputado Estadual;10124;60001608820;MANOEL DUCA DA SILVEIRA NETO;DUQUINHA;REPUBLICANOS;SUPLENTE;MASCULINO;DEPUTADO;60001608820.jpg
Deputado Estadual;10220;60001608839;JOSE ALEXANDRE FIRMINO DA SILVA MAFRA;ALEXANDRE MAFRA;REPUBLICANOS;SUPLENTE;MASCULINO;ADMINISTRADOR;60001608839.jpg
Deputado Estadual;10222;60001608833;ELIZABETH ABREU CONRADO;BETH ABREU;REPUBLICANOS;SUPLENTE;FEMININO;EMPRESÁRIO;60001608833.jpg
Deputado Estadual;11111;60001619179;JOSE JACOME CARNEIRO ALBUQUERQUE;ZEZINHO ALBUQUERQUE;PP;ELEITO POR QP;MASCULINO;DEPUTADO;60001619179.jpg
Deputado Estadual;11123;60001619174;FRANCISCO ROSÁLIO LOPES DANIEL;ROSÁLIO DANIEL;PP;SUPLENTE;MASCULINO;LOCUTOR E COMENTARISTA DE RÁDIO E TELEVISÃO E RADIALISTA;60001619174.jpg
Deputado Estadual;11222;60001619186;PAULO VICTOR TAVARES GURGEL;DR VICTOR GURGEL;PP;SUPLENTE;MASCULINO;MÉDICO;60001619186.jpg
Deputado Estadual;11444;60001619175;LEONARDO FRANKLIN NOGUEIRA PINHEIRO;LEONARDO PINHEIRO;PP;ELEITO POR MÉDIA;MASCULINO;DEPUTADO;60001619175.jpg
Deputado Estadual;11999;60001619183;MOÉSIO LOIOLA DE MELO;MOÉSIO LOIOLA;PP;SUPLENTE;MASCULINO;LOCUTOR E COMENTARISTA DE RÁDIO E TELEVISÃO E RADIALISTA;60001619183.jpeg
Deputado Estadual;12000;60001603535;EVANDRO SÁ BARRETO LEITÃO;EVANDRO LEITÃO;PDT;ELEITO POR QP;MASCULINO;DEPUTADO;60001603535.jpeg
Deputado Estadual;12100;60001603541;ANTONIO PINHEIRO GRANJA;ANTONIO GRANJA;PDT;SUPLENTE;MASCULINO;MÉDICO;60001603541.jpeg
Deputado Estadual;12123;60001603529;FRANCISCO CLAUDIO PINTO PINHO;CLÁUDIO PINHO;PDT;ELEITO POR QP;MASCULINO;TABELIÃO;60001603529.jpeg
Deputado Estadual;12144;60001603538;GUILHERME BISMARCK;GUILHERME BISMARCK;PDT;SUPLENTE;MASCULINO;EMPRESÁRIO;60001603538.jpg
Deputado Estadual;12300;60001603536;FRANCISCO JOSE QUEIROZ MAIA FILHO;QUEIROZ FILHO;PDT;ELEITO POR QP;MASCULINO;DEPUTADO;60001603536.jpg
Deputado Estadual;12333;60001603545;MARCOS MARCEL RODRIGUES SOBREIRA;MARCOS SOBREIRA;PDT;ELEITO POR QP;MASCULINO;ADVOGADO;60001603545.jpg
Deputado Estadual;12345;60001603543;LIA FERREIRA GOMES;LIA GOMES;PDT;ELEITO POR QP;FEMININO;MÉDICO;60001603543.jpeg
Deputado Estadual;12444;60001603522;JOSÉ JEOVÁ SOUTO MOTA;JEOVÁ MOTA;PDT;ELEITO POR QP;MASCULINO;DEPUTADO;60001603522.jpg
Deputado Estadual;12500;60001603518;JOÃO SALMITO FILHO;SALMITO;PDT;ELEITO POR MÉDIA;MASCULINO;SOCIÓLOGO;60001603518.jpeg
Deputado Estadual;12555;60001603523;ORIEL GUIMARAES NUNES FILHO;ORIEL FILHO;PDT;ELEITO POR MÉDIA;MASCULINO;FISIOTERAPEUTA E TERAPEUTA OCUPACIONAL;60001603523.jpeg
Deputado Estadual;13013;60001633650;MARIA DENISE ROCHA MENEZES;DRA. DENISE;PT;SUPLENTE;FEMININO;MÉDICO;60001633650.jpg
Deputado Estadual;13100;60001633652;LILIANE DA SILVEIRA ARAUJO;LILIANE;PT;SUPLENTE;FEMININO;ADVOGADO;60001633652.jpg
Deputado Estadual;13111;60001633676;PEDRO NETO LOBO SOARES;PEDRO LOBO;PT;SUPLENTE;MASCULINO;DEPUTADO;60001633676.jpg
Deputado Estadual;13123;60001633648;MANOEL MISSIAS BEZERRA;MISSIAS DO MST;PT;ELEITO POR QP;MASCULINO;AGRICULTOR;60001633648.jpg
Deputado Estadual;13132;60001633668;JOSE ACRISIO DE SENA;ACRISIO SENA;PT;SUPLENTE;MASCULINO;DEPUTADO;60001633668.jpeg
Deputado Estadual;13133;60001633656;LARISSA MARIA FERNANDES GASPAR DA COSTA;LARISSA GASPAR;PT;ELEITO POR MÉDIA;FEMININO;VEREADOR;60001633656.jpg
Deputado Estadual;13234;60001633635;GUILHERME DE FIGUEIREDO SAMPAIO;GUILHERME SAMPAIO;PT;SUPLENTE;MASCULINO;VEREADOR;60001633635.jpeg
Deputado Estadual;13333;60001633642;MOISES BRAZ RICARDO;MOISES BRAZ;PT;ELEITO POR QP;MASCULINO;DEPUTADO;60001633642.jpeg
Deputado Estadual;13456;60001633671;FRANCISCO DE ASSIS DINIZ;DE ASSIS DINIZ;PT;ELEITO POR QP;MASCULINO;OUTROS;60001633671.jpg
Deputado Estadual;13555;60001633675;JULIANA DE HOLANDA LUCENA RODRIGUES;JULIANA LUCENA;PT;ELEITO POR QP;FEMININO;ADVOGADO;60001633675.jpeg
Deputado Estadual;14444;60001668694;RENATA DE SOUSA SAMPAIO;RENATA SAMPAIO;PTB;NÃO ELEITO;FEMININO;OUTROS;60001668694.jpeg
Deputado Estadual;15115;60001635802;CARLOS ALBERTO SILVA DO NASCIMENTO;CARLOS BANDEIRA;MDB;SUPLENTE;MASCULINO;POLICIAL MILITAR;60001635802.jpg
Deputado Estadual;15123;60001635804;AUDIC CAVALCANTE MOTA DIAS;AUDIC MOTA;MDB;SUPLENTE;MASCULINO;DEPUTADO;60001635804.jpeg
Deputado Estadual;15151;60001635807;LEONARDO ARAÚJO DE SOUZA;LEONARDO ARAÚJO;MDB;SUPLENTE;MASCULINO;DEPUTADO;60001635807.jpg
Deputado Estadual;15362;60001635819;JOSE MARIA NOGUEIRA LIMA;ZE MARIA DE TABULEIRO;MDB;SUPLENTE;MASCULINO;AGRICULTOR;60001635819.jpeg
Deputado Estadual;15555;60001635818;FELIPE AGUIAR DE MENESES;FELIPE AGUIAR;MDB;SUPLENTE;MASCULINO;ADVOGADO;60001635818.jpeg
Deputado Estadual;15678;60001635814;ELISETE SILVA DUARTE GUIMARÃES;ELISETE DUARTE;MDB;SUPLENTE;FEMININO;OUTROS;60001635814.jpg
Deputado Estadual;15757;60001635813;JOSÉ BEZERRA FEITOSA JUNIOR;JUNIOR FEITOSA;MDB;SUPLENTE;MASCULINO;EMPRESÁRIO;60001635813.jpg
Deputado Estadual;15777;60001635800;SABRINA MILANE VERAS CAMPOS;SABRINA VERAS;MDB;SUPLENTE;FEMININO;ADVOGADO;60001635800.jpg
Deputado Estadual;15888;60001635809;AGENOR GOMES DE ARAUJO NETO;AGENOR NETO;MDB;ELEITO POR QP;MASCULINO;DEPUTADO;60001635809.jpg
Deputado Estadual;22022;60001633791;CARMELO SILVEIRA CARNEIRO LEÃO NETO;CARMELO NETO;PL;ELEITO POR QP;MASCULINO;VEREADOR;60001633791.jpg
Deputado Estadual;22190;60001633798;RUBEM SÉRGIO DE ARAÚJO;CABO RUBEM RUBINHO;PL;SUPLENTE;MASCULINO;VEREADOR;60001633798.jpg
Deputado Estadual;22222;60001633829;ALCIDES FERNANDES DA SILVA;PR.ALCIDES FERNANDES;PL;ELEITO POR QP;MASCULINO;SACERDOTE OU MEMBRO DE ORDEM OU SEITA RELIGIOSA;60001633829.jpg
Deputado Estadual;22777;60001633828;SILVANA OLIVEIRA DE SOUSA;DRA SILVANA;PL;ELEITO POR QP;FEMININO;MÉDICO;60001633828.jpg
Deputado Estadual;33222;60001646066;ANTONIO LUZECI RODRIGUES DOS SANTOS;SANTOS DOS PROJETOS SOCIAIS;PMN;SUPLENTE;MASCULINO;OUTROS;60001646066.jpg
Deputado Estadual;33456;60001646060;LAVOISIER FERRER LIMA;ZIER FERRER;PMN;SUPLENTE;MASCULINO;COMERCIANTE;60001646060.jpg
Deputado Estadual;33699;60001646058;JOÃO BRAULIO DE MELO OLIVEIRA;BRAULIO MELO;PMN;SUPLENTE;MASCULINO;OUTROS;60001646058.jpg
Deputado Estadual;44022;60001608938;ANTONIO EDESIO ALVES DE CASTRO;ANTONIO DE CASTRO;UNIÃO;SUPLENTE;MASCULINO;CORRETOR DE IMÓVEIS, SEGUROS, TÍTULOS E VALORES;60001608938.jpeg
Deputado Estadual;44111;60001608946;FELIPE AGUIAR FONSECA DA MOTA;FELIPE MOTA;UNIÃO;ELEITO POR MÉDIA;MASCULINO;EMPRESÁRIO;60001608946.jpg
Deputado Estadual;44190;60001608935;REGINAURO SOUSA NASCIMENTO;SARGENTO REGINAURO;UNIÃO;ELEITO POR QP;MASCULINO;VEREADOR;60001608935.jpeg
Deputado Estadual;44444;60001608923;ENEAS CAMPOS GOES;ENEAS GOES;UNIÃO;SUPLENTE;MASCULINO;EMPRESÁRIO;60001608923.jpeg
Deputado Estadual;44456;60001608939;RICARDO CÉLIO CHAGAS BEZERRA;CORONEL BEZERRA;UNIÃO;SUPLENTE;MASCULINO;MILITAR REFORMADO;60001608939.jpeg
Deputado Estadual;44555;60001608941;ALOÍSIO ANTÔNIO GOMES DE MATOS BRASIL;DR. ALOÍSIO;UNIÃO;SUPLENTE;MASCULINO;MÉDICO;60001608941.jpeg
Deputado Estadual;44567;60001608908;MAGNOLIA DE SOUSA ROCHA;MAGNOLIA ROCHA;UNIÃO;NÃO ELEITO;FEMININO;ASSISTENTE SOCIAL;60001608908.jpeg
Deputado Estadual;44789;60001608928;MARCELO RIBEIRO TORRES;MARCELO DA GRANJA;UNIÃO;SUPLENTE;MASCULINO;EMPRESÁRIO;60001608928.jpeg
Deputado Estadual;45456;60001727605;ADRIALINA FEITOSA RIBEIRO;ADRIA;PSDB;SUPLENTE;FEMININO;PROFESSOR DE ENSINO FUNDAMENTAL;60001727605.jpeg
Deputado Estadual;45555;60001723720;ANTONIO VIANEY SANTIAGO DA COSTA;VIANEY DO VALE;PSDB;SUPLENTE;MASCULINO;EMPRESÁRIO;60001723720.jpeg
Deputado Estadual;45999;60001723731;RAIMUNDO NONATO FERREIRA ARAGÃO;FERREIRA ARAGÃO;PSDB;SUPLENTE;MASCULINO;ADVOGADO;60001723731.jpeg
Deputado Estadual;50007;60001613092;MARIA CARLA DE SOUSA RODRIGUES;CARLA BRATHON;PSOL;SUPLENTE;FEMININO;OUTROS;60001613092.jpg
Deputado Estadual;50444;60001613095;ZULEIDE FERNANDES DE QUEIROZ;ZULEIDE QUEIROZ;PSOL;SUPLENTE;FEMININO;PROFESSOR DE ENSINO SUPERIOR;60001613095.jpg
Deputado Estadual;50500;60001613104;RENATO ROSENO DE OLIVEIRA;RENATO ROSENO;PSOL;ELEITO POR QP;MASCULINO;DEPUTADO;60001613104.jpg
Deputado Estadual;50777;60001613097;ADRIANA GERONIMO VIEIRA SILVA;ADRIANA GERONIMO;PSOL;SUPLENTE;FEMININO;VEREADOR;60001613097.jpg
Deputado Estadual;55011;60001613525;LUCAS NOCRATO SOARES;APOLLO VICZ;PSD;SUPLENTE;MASCULINO;ESTUDANTE, BOLSISTA, ESTAGIÁRIO E ASSEMELHADOS;60001613525.jpg
Deputado Estadual;55333;60001613526;SIMÃO PEDRO ALVES PEQUENO;SIMÃO PEDRO;PSD;SUPLENTE;MASCULINO;ADMINISTRADOR;60001613526.jpg
Deputado Estadual;55555;60001613538;GABRIELLA PEQUENO COSTA GOMES DE AGUIAR;GABRIELLA AGUIAR;PSD;ELEITO POR QP;FEMININO;MÉDICO;60001613538.jpg
Deputado Estadual;55666;60001719113;CINTHIA GIRÃO CASTRO;CINTHIA CASTRO;PSD;SUPLENTE;FEMININO;EMPRESÁRIO;60001719113.jpg
Deputado Estadual;55678;60001613523;FERNANDO HUGO DA SILVA COLARES;DEP FERNANDO HUGO - DR HUGO;PSD;ELEITO POR QP;MASCULINO;MÉDICO;60001613523.jpg
Deputado Estadual;55888;60001613534;KEIVILANNY DIAS MOURA GONÇALVES;KEIVIA DIAS;PSD;SUPLENTE;FEMININO;EMPRESÁRIO;60001613534.jpg
Deputado Estadual;55999;60001613533;LUIZ SERGIO SOUZA DOS SANTOS;LUIZ SERGIO;PSD;SUPLENTE;MASCULINO;EMPRESÁRIO;60001613533.jpg
Deputado Estadual;70007;60001634412;DANILO LOPES FERREIRA LIMA;DANILO LOPES;AVANTE;SUPLENTE;MASCULINO;VEREADOR;60001634412.jpeg
Deputado Estadual;70444;60001634389;ANA CLEIDE TEIXEIRA DE SOUSA;ANA CLEIDE;AVANTE;SUPLENTE;FEMININO;OUTROS;60001634389.jpg
Deputado Federal;1000;60001608850;VANESSA FALCÃO DE SOUZA CASTELO LIMA;BISPA VANESSA LIMA;REPUBLICANOS;NÃO ELEITO;FEMININO;SACERDOTE OU MEMBRO DE ORDEM OU SEITA RELIGIOSA;60001608850.jpg
Deputado Federal;1010;60001608853;RONALDO MANCHADO MARTINS;RONALDO MARTINS;REPUBLICANOS;NÃO ELEITO;MASCULINO;VEREADOR;60001608853.jpg
Deputado Federal;1020;60001608860;ERLAN MARTINS DOS SANTOS;ERLAN BASTOS;REPUBLICANOS;NÃO ELEITO;MASCULINO;JORNALISTA E REDATOR;60001608860.jpg
Deputado Federal;1100;60001619160;RAFAEL AURELIANO GONÇALVES BRANCO;RAFAEL BRANCO;PP;SUPLENTE;MASCULINO;DEPUTADO;60001619160.jpg
Deputado Federal;1111;60001619170;ANTONIO JOSÉ AGUIAR ALBUQUERQUE;AJ ALBUQUERQUE;PP;ELEITO POR MÉDIA;MASCULINO;DEPUTADO;60001619170.jpg
Deputado Federal;1112;60001619173;RAIMUNDO GOMES FARIAS;GOMES FARIAS;PP;SUPLENTE;MASCULINO;LOCUTOR E COMENTARISTA DE RÁDIO E TELEVISÃO E RADIALISTA;60001619173.jpg
Deputado Federal;1122;60001619161;PEDRO SÉRGIO TEIXEIRA DANTAS;SÉRGIO DANTAS;PP;SUPLENTE;MASCULINO;EMPRESÁRIO;60001619161.jpg
Deputado Federal;1123;60001619165;JOSÉ TARSO MAGNO TEIXEIRA DA SILVA;TARSO MAGNO;PP;SUPLENTE;MASCULINO;ADVOGADO;60001619165.jpeg
Deputado Federal;1199;60001619172;ELIENE COUTO CAMPELO;ELIENE COUTO;PP;SUPLENTE;FEMININO;EMPRESÁRIO;60001619172.jpg
Deputado Federal;1201;60001603476;JULIO BRIZZI NETO;JULIO BRIZZI;PDT;SUPLENTE;MASCULINO;VEREADOR;60001603476.jpg
Deputado Federal;1212;60001603475;JOSÉ LEÔNIDAS DE MENEZES CRISTINO;LEÔNIDAS CRISTINO;PDT;SUPLENTE;MASCULINO;ENGENHEIRO;60001603475.jpg
Deputado Federal;1213;60001603469;ANTONIO IDILVAN DE LIMA ALENCAR;IDILVAN;PDT;ELEITO POR QP;MASCULINO;DEPUTADO;60001603469.jpg
Deputado Federal;1214;60001603472;EDUARDO HENRIQUE MAIA BISMARCK;EDUARDO BISMARCK;PDT;ELEITO POR MÉDIA;MASCULINO;ADVOGADO;60001603472.jpg
Deputado Federal;1221;60001603470;CARLOS MAURO BENEVIDES FILHO;MAURO FILHO;PDT;ELEITO POR QP;MASCULINO;PROFESSOR DE ENSINO SUPERIOR;60001603470.jpeg
Deputado Federal;1222;60001603478;MARIA DO ROSÁRIO RAMALHO GARCIA;ROSÂNIA RAMALHO;PDT;SUPLENTE;FEMININO;VETERINÁRIO;60001603478.jpeg
Deputado Federal;1232;60001603465;NATÁLIA SOARES RIOS;NATÁLIA RIOS;PDT;SUPLENTE;FEMININO;PSICÓLOGO;60001603465.jpg
Deputado Federal;1233;60001603485;MARCOS ROBÉRIO RIBEIRO MONTEIRO;ROBÉRIO MONTEIRO;PDT;ELEITO POR QP;MASCULINO;EMPRESÁRIO;60001603485.jpg
Deputado Federal;1234;60001603484;ANDRÉ PEIXOTO FIGUEIREDO LIMA;ANDRÉ FIGUEIREDO;PDT;ELEITO POR QP;MASCULINO;DEPUTADO;60001603484.jpg
Deputado Federal;1251;60001634339;JOSÉ ARNON CRUZ BEZERRA DE MENEZES;ARNON BEZERRA;PDT;SUPLENTE;MASCULINO;MÉDICO;60001634339.jpg
Deputado Federal;1252;60001603477;KARINA CORDEIRO DE SOUZA RODRIGUES;ENFERMEIRA KARINA;PDT;SUPLENTE;FEMININO;ENFERMEIRO;60001603477.jpg
Deputado Federal;1292;60001603468;ANA PAULA BRANDÃO DA SILVA FARIAS;ENFERMEIRA ANA PAULA;PDT;SUPLENTE;FEMININO;ENFERMEIRO;60001603468.jpg
Deputado Federal;1313;60001619128;LUIZIANNE DE OLIVEIRA LINS;LUIZIANNE LINS;PT;ELEITO POR QP;FEMININO;DEPUTADO;60001619128.jpeg
Deputado Federal;1314;60001619130;MARIA DAS GRAÇAS COSTA;GRAÇA COSTA;PT;SUPLENTE;FEMININO;PROFESSOR DE ENSINO FUNDAMENTAL;60001619130.jpg
Deputado Federal;1322;60001619124;JOSE NOBRE GUIMARAES;GUIMARÃES DO PT;PT;ELEITO POR QP;MASCULINO;DEPUTADO;60001619124.jpeg
Deputado Federal;1331;60001619129;LEDA VASCONCELOS CARVALHO;LEDA VASCONCELOS;PT;SUPLENTE;FEMININO;APOSENTADO (EXCETO SERVIDOR PÚBLICO);60001619129.jpeg
Deputado Federal;1333;60001619120;JOSE AIRTON FELIX CIRILO DA SILVA;JOSE AIRTON;PT;ELEITO POR MÉDIA;MASCULINO;DEPUTADO;60001619120.jpg
Deputado Federal;1500;60001643117;ÉRICO JOVINO SALES;ÉRICO JOVINO;MDB;SUPLENTE;MASCULINO;SERVIDOR PÚBLICO FEDERAL;60001643117.jpg
Deputado Federal;1515;60001643130;JOSÉ MOACENY FÉLIX RODRIGUES FILHO;MOACENY FÉLIX;MDB;SUPLENTE;MASCULINO;SERVIDOR PÚBLICO FEDERAL;60001643130.jpeg
Deputado Federal;1522;60001643127;RONDINELLE PEREIRA DE FREITAS;NELINHO;MDB;SUPLENTE;MASCULINO;DEPUTADO;60001643127.jpg
Deputado Federal;1533;60001643110;EUNÍCIO LOPES DE OLIVEIRA;EUNÍCIO;MDB;ELEITO POR QP;MASCULINO;EMPRESÁRIO;60001643110.jpg
Deputado Federal;2000;60001645842;JOSE JERIVAN BRAGA BARROSO;JERIVAN BARROSO;PSC;NÃO ELEITO;MASCULINO;EMPRESÁRIO;60001645842.jpg
Deputado Federal;2022;60001645841;CINTHIA BELINO OLIVEIRA DA COSTA;DRA CINTHIA BELINO;PSC;NÃO ELEITO;FEMININO;ADVOGADO;60001645841.jpg
Deputado Federal;2200;60001614165;MAYRA ISABEL CORREIA PINHEIRO;DRA. MAYRA PINHEIRO;PL;SUPLENTE;FEMININO;MÉDICO;60001614165.jpg
Deputado Federal;2201;60001614170;FRANCISCO DE ASSIS CAVALCANTE NOGUEIRA;DELEGADO CAVALCANTE;PL;NÃO ELEITO;MASCULINO;POLICIAL CIVIL;60001614170.jpg
Deputado Federal;2210;60001614162;ANTONIO AGINALDO DE OLIVEIRA;CORONEL AGINALDO;PL;SUPLENTE;MASCULINO;MILITAR REFORMADO;60001614162.jpg
Deputado Federal;2222;60001614161;ANDRÉ FERNANDES DE MOURA;ANDRÉ FERNANDES;PL;ELEITO POR QP;MASCULINO;DEPUTADO;60001614161.jpg
Deputado Federal;2233;60001614153;MARIA GORETE PEREIRA;GORETE PEREIRA;PL;SUPLENTE;FEMININO;FISIOTERAPEUTA E TERAPEUTA OCUPACIONAL;60001614153.jpg
Deputado Federal;2244;60001614166;TADEU MAGELA DE OLIVEIRA;TADEU OLIVEIRA;PL;SUPLENTE;MASCULINO;EMPRESÁRIO;60001614166.jpg
Deputado Federal;2277;60001614163;JAZIEL PEREIRA DE SOUSA;DR JAZIEL;PL;ELEITO POR MÉDIA;MASCULINO;MÉDICO;60001614163.jpg
Deputado Federal;2288;60001614167;PRISCILA BEZERRA DA COSTA;PRISCILA COSTA;PL;ELEITO POR MÉDIA;FEMININO;JORNALISTA E REDATOR;60001614167.jpg
Deputado Federal;3355;60001692737;ALDIZIO ALVES BRITO;MISSIONÁRIO ALDIZIO BRITO;PMN;NÃO ELEITO;MASCULINO;APOSENTADO (EXCETO SERVIDOR PÚBLICO);60001692737.jpg
Deputado Federal;4000;60001603454;DENIS ANDERSON DA ROCHA BEZERRA;DENIS BEZERRA;PSB;NÃO ELEITO;MASCULINO;EMPRESÁRIO;60001603454.jpg
Deputado Federal;4022;60001603460;EDUARDO ANDRÉ MAGALHÃES TELES;DUDA DO CRATO;PSB;NÃO ELEITO;MASCULINO;OUTROS;60001603460.jpg
Deputado Federal;4410;60001608900;CARLOS MATOS LIMA;CARLOS MATOS;UNIÃO;SUPLENTE;MASCULINO;EMPRESÁRIO;60001608900.jpeg
Deputado Federal;4444;60001608890;HEITOR RODRIGO PEREIRA FREIRE;HEITOR FREIRE;UNIÃO;NÃO ELEITO;MASCULINO;DEPUTADO;60001608890.jpg
Deputado Federal;4447;60001608893;FRANCISCO DANILO BASTOS FORTE;DANILO FORTE;UNIÃO;ELEITO POR MÉDIA;MASCULINO;ADVOGADO;60001608893.jpeg
Deputado Federal;4455;60001608892;FRANCISCO VAIDON OLIVEIRA;VAIDON OLIVEIRA;UNIÃO;SUPLENTE;MASCULINO;COMERCIANTE;60001608892.jpeg
Deputado Federal;4456;60001608898;DAYANY BITTENCOURT SANTIL;DAYANY DO CAPITÃO;UNIÃO;SUPLENTE;FEMININO;DONA DE CASA;60001608898.jpeg
Deputado Federal;4477;60001608882;FERNANDA ENEIDA PESSOA CARACAS DE SOUZA;FERNANDA PESSOA;UNIÃO;ELEITO POR QP;FEMININO;DEPUTADO;60001608882.jpeg
Deputado Federal;4490;60001608884;NOELIO DA ROCHA OLIVEIRA;SOLDADO NOELIO;UNIÃO;SUPLENTE;MASCULINO;DEPUTADO;60001608884.jpeg
Deputado Federal;4555;60001723392;REGINA CLÁUDIA TABOSA FERREIRA GOMES;CLAUDIA GOMES;PSDB;NÃO ELEITO;FEMININO;VEREADOR;60001723392.jpeg
Deputado Federal;5001;60001613063;JOÃO ALFREDO TELLES MELO;JOÃO ALFREDO;PSOL;NÃO ELEITO;MASCULINO;ADVOGADO;60001613063.jpg
Deputado Federal;5005;60001613071;ANNA KARINA CAVALCANTE DE OLIVEIRA;ANNA KARINA VOZES FEMINISTAS;PSOL;NÃO ELEITO;FEMININO;SERVIDOR PÚBLICO ESTADUAL;60001613071.jpg
Deputado Federal;5013;60001613067;ADELITTA MONTEIRO NUNES;ADELITA MONTEIRO;PSOL;NÃO ELEITO;FEMININO;ARTESÃO;60001613067.jpg
Deputado Federal;5055;60001613061;GABRIEL LIMA DE AGUIAR;GABRIEL BIOLOGIA;PSOL;NÃO ELEITO;MASCULINO;VEREADOR;60001613061.jpg
Deputado Federal;5099;60001613072;DAMIÃO AMÂNCIO DA SILVA;DAMIÃO AMÂNCIO;PSOL;NÃO ELEITO;MASCULINO;OUTROS;60001613072.jpg
Deputado Federal;5511;60001601189;CÉLIO STUDART BARBOSA;CÉLIO STUDART;PSD;ELEITO POR QP;MASCULINO;DEPUTADO;60001601189.jpeg
Deputado Federal;5533;60001601188;LUIZ GASTÃO BITTENCOURT DA SILVA;LUIZ GASTÃO;PSD;ELEITO POR MÉDIA;MASCULINO;EMPRESÁRIO;60001601188.jpeg
Deputado Federal;5555;60001601183;DOMINGOS GOMES DE AGUIAR NETO;DOMINGOS NETO;PSD;ELEITO POR QP;MASCULINO;DEPUTADO;60001601183.jpg
Deputado Federal;5575;60001601197;ISABEL MARIA SILVA BRAGA;ISABEL BRAGA;PSD;SUPLENTE;FEMININO;POLICIAL MILITAR;60001601197.jpg
Deputado Federal;5577;60001601185;MARIA JOSÉ MAIA;DRA MAZÉ MAIA;PSD;SUPLENTE;FEMININO;ADVOGADO;60001601185.jpg
Deputado Federal;5588;60001601192;FRANCISCA ELIANE BRAZ DE CARVALHO;ELIANE BRAZ;PSD;SUPLENTE;FEMININO;ASSISTENTE SOCIAL;60001601192.jpg
Deputado Federal;6565;60001619126;INÁCIO FRANCISCO DE ASSIS NUNES ARRUDA;INÁCIO ARRUDA;PC do B;SUPLENTE;MASCULINO;SERVIDOR PÚBLICO CIVIL APOSENTADO;60001619126.jpg
Deputado Federal;7033;60001634085;AIRTON DA SILVA;PASTOR AIRTON SILVA;AVANTE;NÃO ELEITO;MASCULINO;CORRETOR DE IMÓVEIS, SEGUROS, TÍTULOS E VALORES;60001634085.jpg
Deputado Federal;7040;60001634087;FRANCISCO ANTÔNIO PEREIRA GOMES;CHICO ANTÔNIO;AVANTE;NÃO ELEITO;MASCULINO;AGENTE ADMINISTRATIVO;60001634087.jpeg
Senador;131;60001633582;CAMILO SOBREIRA DE SANTANA;CAMILO;PT;ELEITO;MASCULINO;AGRÔNOMO;60001633582.jpg
Senador;160;60001608997;FRANCISCO CARLOS ALVES DA SILVA;CARLOS SILVA;PSTU;NÃO ELEITO;MASCULINO;PORTEIRO DE EDIFÍCIO, ASCENSORISTA, GARAGISTA E ZELADOR;60001608997.jpeg
Senador;555;60001731829;ERIKA GONÇALVES AMORIM;ERIKA AMORIM;PSD;NÃO ELEITO;FEMININO;ADMINISTRADOR;60001731829.jpg
Senador;700;60001633970;KAMILA CARDOSO DE SOUZA RIBEIRO;KAMILA CARDOSO;AVANTE;NÃO ELEITO;FEMININO;ADVOGADO;60001633970.jpeg
